service_id,monday,tuesday,wednesday,thursday,friday,saturday,sunday,start_date,end_date
9010201_9__1__013_,0,0,0,0,0,1,0,2025-09-13,2026-10-11
9010202_9__1__013_,0,0,0,0,0,1,0,2025-09-13,2026-10-11
9010301_9__1__013_,0,0,0,0,0,0,1,2025-09-14,2026-10-12
9010101_9__1__013_,1,1,1,1,1,0,0,2025-09-15,2026-10-13
9010102_9__1__013_,1,1,1,1,1,0,0,2025-09-15,2026-10-13
9010103_9__1__013_,1,1,1,1,1,0,0,2025-09-15,2026-10-13
9040102_9__1__013_,1,1,1,1,1,0,0,2025-09-15,2026-10-13
9020201_9__2__013_,0,0,0,0,0,1,0,2025-09-13,2026-10-11
9020202_9__2__013_,0,0,0,0,0,1,0,2025-09-13,2026-10-11
9030201_9__2__013_,0,0,0,0,0,1,0,2025-09-13,2026-10-11
9050201_9__2__013_,0,0,0,0,0,1,0,2025-09-13,2026-10-11
9020301_9__2__013_,0,0,0,0,0,0,1,2025-09-14,2026-10-12
9020302_9__2__013_,0,0,0,0,0,0,1,2025-09-14,2026-10-12
9050301_9__2__013_,0,0,0,0,0,0,1,2025-09-14,2026-10-12
9020101_9__2__013_,1,1,1,1,1,0,0,2025-09-15,2026-10-13
9020102_9__2__013_,1,1,1,1,1,0,0,2025-09-15,2026-10-13
9020103_9__2__013_,1,1,1,1,1,0,0,2025-09-15,2026-10-13
9030201_9__3__013_,0,0,0,0,0,1,0,2025-09-13,2026-10-11
9030202_9__3__013_,0,0,0,0,0,1,0,2025-09-13,2026-10-11
9030301_9__3__013_,0,0,0,0,0,0,1,2025-09-14,2026-10-12
9030101_9__3__013_,1,1,1,1,1,0,0,2025-09-15,2026-10-13
9030102_9__3__013_,1,1,1,1,1,0,0,2025-09-15,2026-10-13
9040201_9__4__013_,0,0,0,0,0,1,0,2025-09-13,2026-10-11
9040202_9__4__013_,0,0,0,0,0,1,0,2025-09-13,2026-10-11
9040301_9__4__013_,0,0,0,0,0,0,1,2025-09-14,2026-10-12
9040302_9__4__013_,0,0,0,0,0,0,1,2025-09-14,2026-10-12
9040101_9__4__013_,1,1,1,1,1,0,0,2025-09-15,2026-10-13
9040102_9__4__013_,1,1,1,1,1,0,0,2025-09-15,2026-10-13
9040103_9__4__013_,1,1,1,1,1,0,0,2025-09-15,2026-10-13
9050201_9__5__013_,0,0,0,0,0,1,0,2025-09-13,2026-10-11
9050301_9__5__013_,0,0,0,0,0,0,1,2025-09-14,2026-10-12
9050101_9__5__013_,1,1,1,1,1,0,0,2025-09-15,2026-10-13
942101_8__421___,1,1,1,1,1,0,0,2025-09-03,2026-10-03
942102_8__421___,1,1,1,1,1,0,0,2025-09-03,2026-10-03
942103_8__421___,1,1,1,1,1,0,0,2025-09-03,2026-10-03
942104_8__421___,1,1,1,1,1,0,0,2025-09-03,2026-10-03
942105_8__421___,1,1,1,1,1,0,0,2025-09-03,2026-10-03
942106_8__421___,1,1,1,1,1,0,0,2025-09-03,2026-10-03
942109_8__421___,0,0,0,0,0,1,0,2025-09-06,2026-09-27
942110_8__421___,0,0,0,0,0,1,0,2025-09-06,2026-09-27
942111_8__421___,0,0,0,0,0,1,0,2025-09-06,2026-09-27
942107_8__421___,0,0,0,0,0,0,1,2025-09-07,2026-09-28
942108_8__421___,0,0,0,0,0,0,1,2025-09-07,2026-09-28
940110_8__422___,1,1,1,1,1,0,0,2025-09-03,2026-10-03
942201_8__422___,1,1,1,1,1,1,1,2025-09-03,2026-10-03
942202_8__422___,1,1,1,1,1,1,1,2025-09-03,2026-10-03
942203_8__422___,1,1,1,1,1,1,1,2025-09-03,2026-10-03
942204_8__422___,1,1,1,1,1,1,0,2025-09-03,2026-10-03
942205_8__422___,1,1,1,1,1,1,0,2025-09-03,2026-10-03
942216_8__422___,1,1,1,1,1,0,0,2025-09-03,2026-10-03
942217_8__422___,1,1,1,1,1,0,0,2025-09-03,2026-10-03
942218_8__422___,1,1,1,1,1,0,0,2025-09-03,2026-10-03
942219_8__422___,1,1,1,1,1,0,0,2025-09-03,2026-10-03
942220_8__422___,1,1,1,1,1,0,0,2025-09-03,2026-10-03
942221_8__422___,1,1,1,1,1,0,0,2025-09-03,2026-10-03
942223_8__422___,1,1,1,1,1,0,0,2025-09-03,2026-10-03
942224_8__422___,1,1,1,1,1,0,0,2025-09-03,2026-10-03
942225_8__422___,1,1,1,1,1,0,0,2025-09-03,2026-10-03
942301_8__423___,1,1,1,1,1,1,1,2025-09-03,2026-10-03
942302_8__423___,1,1,1,1,1,1,1,2025-09-03,2026-10-03
942303_8__423___,1,1,1,1,1,1,1,2025-09-03,2026-10-03
942304_8__423___,1,1,1,1,1,1,1,2025-09-03,2026-10-03
942305_8__423___,1,1,1,1,1,1,1,2025-09-03,2026-10-03
942306_8__423___,1,1,1,1,1,1,1,2025-09-03,2026-10-03
942307_8__423___,1,1,1,1,1,0,0,2025-09-03,2026-10-03
942308_8__423___,1,1,1,1,1,0,0,2025-09-03,2026-10-03
942309_8__423___,1,1,1,1,1,0,0,2025-09-03,2026-10-03
942310_8__423___,1,1,1,1,1,0,0,2025-09-03,2026-10-03
942311_8__423___,1,1,1,1,1,0,0,2025-09-03,2026-10-03
942312_8__423___,1,1,1,1,1,0,0,2025-09-03,2026-10-03
942313_8__423___,1,1,1,1,1,0,0,2025-09-03,2026-10-03
942314_8__423___,1,1,1,1,1,0,0,2025-09-03,2026-10-03
942401_8__424___,1,1,1,1,1,0,0,2025-09-03,2026-10-03
942402_8__424___,1,1,1,1,1,0,0,2025-09-03,2026-10-03
942403_8__424___,1,1,1,1,1,0,0,2025-09-03,2026-10-03
942404_8__424___,1,1,1,1,1,0,0,2025-09-03,2026-10-03
942405_8__424___,1,1,1,1,1,0,0,2025-09-03,2026-10-03
942406_8__424___,1,1,1,1,1,0,0,2025-09-03,2026-10-03
942439_8__424___,0,0,0,0,0,1,1,2025-09-06,2026-09-28
942440_8__424___,0,0,0,0,0,1,1,2025-09-06,2026-09-28
942511_8__425___,1,1,1,1,1,0,0,2025-09-03,2026-10-03
942503_8__425___,0,0,0,0,0,1,0,2025-09-06,2026-09-27
942504_8__425___,0,0,0,0,0,0,1,2025-09-07,2026-09-28
401705_8__426___,1,1,1,1,1,0,0,2025-09-03,2026-10-03
401706_8__426___,1,1,1,1,1,0,0,2025-09-03,2026-10-03
426101_8__426___,1,1,1,1,1,0,0,2025-09-03,2026-10-03
426103_8__426___,1,1,1,1,1,0,0,2025-09-03,2026-10-03
426105_8__426___,1,1,1,1,1,0,0,2025-09-03,2026-10-03
999903_8__426___,1,1,1,1,1,0,0,2025-09-03,2026-10-03
426601_8__426___,0,0,0,0,0,1,0,2025-09-06,2026-09-27
426701_8__426___,0,0,0,0,0,0,1,2025-09-07,2026-09-28
942711_8__427___,1,1,1,1,1,1,1,2025-09-03,2026-10-03
942712_8__427___,0,0,0,0,0,1,1,2025-09-06,2026-09-28
942801_8__428___,1,1,1,1,1,0,0,2025-09-03,2026-10-03
942802_8__428___,1,1,1,1,1,0,0,2025-09-03,2026-10-03
942803_8__428___,1,1,1,1,1,0,0,2025-09-03,2026-10-03
942804_8__428___,1,1,1,1,1,0,0,2025-09-03,2026-10-03
942805_8__428___,1,1,1,1,1,0,0,2025-09-03,2026-10-03
942806_8__428___,1,1,1,1,1,0,0,2025-09-03,2026-10-03
942807_8__428___,1,1,1,1,1,0,0,2025-09-03,2026-10-03
942860_8__428___,0,0,0,0,0,1,0,2025-09-06,2026-09-27
942861_8__428___,0,0,0,0,0,1,0,2025-09-06,2026-09-27
942862_8__428___,0,0,0,0,0,1,0,2025-09-06,2026-09-27
942863_8__428___,0,0,0,0,0,1,0,2025-09-06,2026-09-27
942864_8__428___,0,0,0,0,0,1,0,2025-09-06,2026-09-27
942868_8__428___,0,0,0,0,0,1,0,2025-09-06,2026-09-27
942869_8__428___,0,0,0,0,0,1,0,2025-09-06,2026-09-27
942870_8__428___,0,0,0,0,0,0,1,2025-09-07,2026-09-28
942871_8__428___,0,0,0,0,0,0,1,2025-09-07,2026-09-28
942872_8__428___,0,0,0,0,0,0,1,2025-09-07,2026-09-28
942873_8__428___,0,0,0,0,0,0,1,2025-09-07,2026-09-28
942874_8__428___,0,0,0,0,0,0,1,2025-09-07,2026-09-28
942875_8__428___,0,0,0,0,0,0,1,2025-09-07,2026-09-28
429101_8__429___,1,1,1,1,1,0,0,2025-09-03,2026-10-03
942902_8__429___,1,1,1,1,1,0,0,2025-09-03,2026-10-03
429601_8__429___,0,0,0,0,0,1,1,2025-09-06,2026-09-28
43001_8__430___,1,1,1,1,1,0,0,2025-09-03,2026-10-03
43002_8__430___,1,1,1,1,1,0,0,2025-09-03,2026-10-03
43003_8__430___,1,1,1,1,1,0,0,2025-09-03,2026-10-03
43005_8__430___,1,1,1,1,1,0,0,2025-09-03,2026-10-03
43007_8__430___,1,1,1,1,1,0,0,2025-09-03,2026-10-03
43011_8__430___,0,0,0,0,0,1,1,2025-09-06,2026-09-28
43013_8__430___,0,0,0,0,0,1,1,2025-09-06,2026-09-28
999903_8__430___,1,1,1,1,1,0,0,2025-09-08,2026-10-03
940109_8_N_401___,1,1,1,1,1,1,1,2025-09-03,2026-10-03
940110_8_N_401___,1,1,1,1,1,1,1,2025-09-03,2026-10-03
940209_8_N_402___,1,1,1,1,1,1,1,2025-09-03,2026-10-03
940210_8_N_402___,1,1,1,1,1,1,1,2025-09-03,2026-10-03
1210101_9__1__161_,1,1,1,1,1,0,0,2025-09-03,2026-10-03
1210102_9__1__161_,1,1,1,1,1,0,0,2025-09-03,2026-10-03
1210103_9__1__161_,1,1,1,1,1,0,0,2025-09-03,2026-10-03
1210201_9__1__161_,0,0,0,0,0,1,0,2025-09-06,2026-09-27
1220201_9__1__161_,0,0,0,0,0,1,0,2025-09-06,2026-09-27
1280203_9__1__161_,0,0,0,0,0,1,0,2025-09-06,2026-09-27
1210301_9__1__161_,0,0,0,0,0,0,1,2025-09-07,2026-09-28
1220301_9__1__161_,0,0,0,0,0,0,1,2025-09-07,2026-09-28
1280303_9__1__161_,0,0,0,0,0,0,1,2025-09-07,2026-09-28
913101_9__1__040_,1,1,1,1,1,0,0,2025-09-03,2026-10-03
913103_9__1__040_,1,1,1,1,1,0,0,2025-09-03,2026-10-03
913105_9__1__040_,0,0,0,0,0,1,0,2025-09-06,2026-09-27
13107_9__1__040_,0,0,0,0,0,0,1,2025-09-07,2026-09-28
1220101_9__2__161_,1,1,1,1,1,0,0,2025-09-03,2026-10-03
1220102_9__2__161_,1,1,1,1,1,0,0,2025-09-03,2026-10-03
1220103_9__2__161_,1,1,1,1,1,0,0,2025-09-03,2026-10-03
1260103_9__2__161_,1,1,1,1,1,0,0,2025-09-03,2026-10-03
1280106_9__2__161_,1,1,1,1,1,0,0,2025-09-03,2026-10-03
1210201_9__2__161_,0,0,0,0,0,1,0,2025-09-06,2026-09-27
1220201_9__2__161_,0,0,0,0,0,1,0,2025-09-06,2026-09-27
1210301_9__2__161_,0,0,0,0,0,0,1,2025-09-07,2026-09-28
1220301_9__2__161_,0,0,0,0,0,0,1,2025-09-07,2026-09-28
1230101_9__3__161_,1,1,1,1,1,0,0,2025-09-03,2026-10-03
1230102_9__3__161_,1,1,1,1,1,0,0,2025-09-03,2026-10-03
1230103_9__3__161_,1,1,1,1,1,0,0,2025-09-03,2026-10-03
1230201_9__3__161_,0,0,0,0,0,1,0,2025-09-06,2026-09-27
1230202_9__3__161_,0,0,0,0,0,1,0,2025-09-06,2026-09-27
1230301_9__3__161_,0,0,0,0,0,0,1,2025-09-07,2026-09-28
1230302_9__3__161_,0,0,0,0,0,0,1,2025-09-07,2026-09-28
1260103_9__4__161_,1,1,1,1,1,0,0,2025-09-03,2026-10-03
1280104_9__4__161_,1,1,1,1,1,0,0,2025-09-03,2026-10-03
1280106_9__4__161_,1,1,1,1,1,0,0,2025-09-03,2026-10-03
1260103_9__5__161_,1,1,1,1,1,0,0,2025-09-03,2026-10-03
1260101_9__6__161_,1,1,1,1,1,0,0,2025-09-03,2026-10-03
1260102_9__6__161_,1,1,1,1,1,0,0,2025-09-03,2026-10-03
1260103_9__6__161_,1,1,1,1,1,0,0,2025-09-03,2026-10-03
1260104_9__6__161_,1,1,1,1,1,0,0,2025-09-03,2026-10-03
1280105_9__6__161_,1,1,1,1,1,0,0,2025-09-03,2026-10-03
1260201_9__6__161_,0,0,0,0,0,1,0,2025-09-06,2026-09-27
1260202_9__6__161_,0,0,0,0,0,1,0,2025-09-06,2026-09-27
1280201_9__6__161_,0,0,0,0,0,1,0,2025-09-06,2026-09-27
1280202_9__6__161_,0,0,0,0,0,1,0,2025-09-06,2026-09-27
1260301_9__6__161_,0,0,0,0,0,0,1,2025-09-07,2026-09-28
1260302_9__6__161_,0,0,0,0,0,0,1,2025-09-07,2026-09-28
1280301_9__6__161_,0,0,0,0,0,0,1,2025-09-07,2026-09-28
1280302_9__6__161_,0,0,0,0,0,0,1,2025-09-07,2026-09-28
1220103_9__7__161_,1,1,1,1,1,0,0,2025-09-03,2026-10-03
1260104_9__7__161_,1,1,1,1,1,0,0,2025-09-03,2026-10-03
1280101_9__7__161_,1,1,1,1,1,0,0,2025-09-03,2026-10-03
1280102_9__7__161_,1,1,1,1,1,0,0,2025-09-03,2026-10-03
1280103_9__7__161_,1,1,1,1,1,0,0,2025-09-03,2026-10-03
1280104_9__7__161_,1,1,1,1,1,0,0,2025-09-03,2026-10-03
1280105_9__7__161_,1,1,1,1,1,0,0,2025-09-03,2026-10-03
1280106_9__7__161_,1,1,1,1,1,0,0,2025-09-03,2026-10-03
1280107_9__7__161_,1,1,1,1,1,0,0,2025-09-03,2026-10-03
1210201_9__7__161_,0,0,0,0,0,1,0,2025-09-06,2026-09-27
1220201_9__7__161_,0,0,0,0,0,1,0,2025-09-06,2026-09-27
1260201_9__7__161_,0,0,0,0,0,1,0,2025-09-06,2026-09-27
1260202_9__7__161_,0,0,0,0,0,1,0,2025-09-06,2026-09-27
1280201_9__7__161_,0,0,0,0,0,1,0,2025-09-06,2026-09-27
1280202_9__7__161_,0,0,0,0,0,1,0,2025-09-06,2026-09-27
1280203_9__7__161_,0,0,0,0,0,1,0,2025-09-06,2026-09-27
1210301_9__7__161_,0,0,0,0,0,0,1,2025-09-07,2026-09-28
1220301_9__7__161_,0,0,0,0,0,0,1,2025-09-07,2026-09-28
1260301_9__7__161_,0,0,0,0,0,0,1,2025-09-07,2026-09-28
1260302_9__7__161_,0,0,0,0,0,0,1,2025-09-07,2026-09-28
1280301_9__7__161_,0,0,0,0,0,0,1,2025-09-07,2026-09-28
1280302_9__7__161_,0,0,0,0,0,0,1,2025-09-07,2026-09-28
1280303_9__7__161_,0,0,0,0,0,0,1,2025-09-07,2026-09-28
113101_9__1_A_113_,1,1,1,1,1,0,0,2025-09-03,2026-10-03
113103_9__1_A_113_,1,1,1,1,1,0,0,2025-09-03,2026-10-03
113105_9__1_A_113_,1,1,1,1,1,0,0,2025-09-03,2026-10-03
113601_9__1_A_113_,0,0,0,0,0,1,1,2025-09-06,2026-09-28
113603_9__1_A_113_,0,0,0,0,0,1,1,2025-09-06,2026-09-28
113605_9__1_A_113_,0,0,0,0,0,1,1,2025-09-06,2026-09-28
114101_9__1_B_113_,1,1,1,1,1,0,0,2025-09-03,2026-10-03
114103_9__1_B_113_,1,1,1,1,1,0,0,2025-09-03,2026-10-03
114105_9__1_B_113_,1,1,1,1,1,0,0,2025-09-03,2026-10-03
113601_9__1_B_113_,0,0,0,0,0,1,1,2025-09-06,2026-09-28
113603_9__1_B_113_,0,0,0,0,0,1,1,2025-09-06,2026-09-28
113605_9__1_B_113_,0,0,0,0,0,1,1,2025-09-06,2026-09-28
204_9__SE__161_,0,0,0,0,1,1,1,2025-09-05,2026-09-07
206_9__SE__161_,0,0,0,0,1,1,1,2025-09-05,2026-09-07
9999_8__260___,1,1,1,1,1,0,0,2025-09-09,2026-10-03
9999_8__261___,1,1,1,1,1,1,1,2025-09-05,2026-10-05
9999_8__312___,1,1,1,1,1,1,1,2025-09-05,2026-10-05
9999_8__312_A__,1,1,1,1,1,1,1,2025-09-05,2026-10-05
9999_8__313___,1,1,1,1,1,1,1,2025-09-05,2026-10-05
9999_8__320___,1,1,1,1,1,0,0,2025-09-05,2026-10-03
9999_8__321___,1,1,1,1,1,1,1,2025-09-05,2026-10-05
9999_8__322___,1,1,1,1,1,1,0,2025-09-05,2026-10-04
9999_8__326___,1,1,1,1,1,1,1,2025-09-05,2026-10-05
9999_8_N_303___,1,1,1,1,1,1,1,2025-09-05,2026-10-05
9999_9__1__014_,1,1,1,1,1,1,1,2025-09-05,2026-10-05
9999_9__2__014_,1,1,1,1,1,1,1,2025-09-05,2026-10-05
9999_9__4__014_,1,1,1,1,1,1,1,2025-09-05,2026-10-05
9999_8__171___,1,1,1,1,1,1,1,2025-09-17,2026-10-17
9999_9__8__134_,1,1,1,1,1,1,1,2025-09-17,2026-10-17
9999_8__640___,1,1,1,1,1,0,0,2025-09-18,2026-10-17
9999_8__640_A__,1,1,1,1,1,1,1,2025-09-18,2026-10-18
9999_8__645___,1,1,1,1,1,1,1,2025-09-18,2026-10-18
9999_8__660___,1,1,1,1,1,1,1,2025-09-18,2026-10-18
9999_8__661___,1,1,1,1,1,1,1,2025-09-18,2026-10-18
9999_8__661_A__,1,1,1,1,1,1,1,2025-09-18,2026-10-18
9999_8__662___,1,1,1,1,1,1,1,2025-09-18,2026-10-18
9999_8__664___,1,1,1,1,1,1,1,2025-09-18,2026-10-18
9999_8__665___,1,1,1,1,1,1,1,2025-09-18,2026-10-18
9999_8__666___,1,1,1,1,1,0,0,2025-09-18,2026-10-17
9999_8__667___,1,1,1,1,1,1,1,2025-09-18,2026-10-18
9999_8__669___,1,1,1,1,1,0,0,2025-09-18,2026-10-17
9999_8__669_A__,1,1,1,1,1,1,1,2025-09-18,2026-10-18
9999_8_N_604___,1,1,1,1,1,1,1,2025-09-18,2026-10-18
9999_9__1__131_,1,1,1,1,1,1,1,2025-09-18,2026-10-18
9999_9__2__131_,1,1,1,1,1,1,1,2025-09-18,2026-10-18
9999_9__3__054_,1,1,1,1,1,0,0,2025-09-18,2026-10-17
9999_9__4__131_,1,1,1,1,1,1,1,2025-09-18,2026-10-18
9999_8__191___,1,1,1,1,1,1,1,2025-09-16,2026-10-16
9999_8__191_A__,1,1,1,1,1,1,1,2025-09-16,2026-10-16
9999_8__191_B__,1,1,1,1,1,1,1,2025-09-16,2026-10-16
9999_8__191_C__,1,1,1,1,1,1,1,2025-09-16,2026-10-16
9999_8__191_D__,1,1,1,1,1,1,1,2025-09-16,2026-10-16
9999_8__191_E__,1,1,1,1,1,1,1,2025-09-16,2026-10-16
9999_8__193___,1,1,1,1,1,1,1,2025-09-16,2026-10-16
9999_8__193_A__,1,1,1,1,1,1,1,2025-09-16,2026-10-16
9999_8__194___,1,1,1,1,1,1,1,2025-09-16,2026-10-16
9999_8__194_A__,1,1,1,1,1,1,1,2025-09-16,2026-10-16
9999_8__195___,1,1,1,1,1,1,1,2025-09-16,2026-10-16
9999_8__195_A__,1,1,1,1,1,1,1,2025-09-16,2026-10-16
9999_8__195_B__,1,1,1,1,1,1,1,2025-09-16,2026-10-16
9999_8__196___,0,0,0,0,0,1,1,2025-09-20,2026-10-12
9999_8__197___,1,1,1,1,1,1,1,2025-09-16,2026-10-16
9999_8__197_A__,1,1,1,1,1,1,1,2025-09-16,2026-10-16
9999_8__197_B__,1,1,1,1,1,1,1,2025-09-16,2026-10-16
9999_8__197_C__,1,1,1,1,1,1,1,2025-09-16,2026-10-16
9999_8__197_D__,1,1,1,1,1,1,1,2025-09-16,2026-10-16
9999_8__197_E__,1,1,1,1,1,1,1,2025-09-16,2026-10-16
9999_8__199_A__,0,0,0,0,0,1,1,2025-09-20,2026-10-12
9999_8__210___,1,1,1,1,1,1,1,2025-09-16,2026-10-16
9999_8__211___,1,1,1,1,1,1,1,2025-09-16,2026-10-16
9999_8__212___,1,1,1,1,1,1,1,2025-09-16,2026-10-16
9999_8__213___,1,1,1,1,1,1,1,2025-09-16,2026-10-16
9999_8__215___,1,1,1,1,1,1,1,2025-09-16,2026-10-16
9999_8__220___,1,1,1,1,1,0,0,2025-09-16,2026-10-16
9999_8__222___,1,1,1,1,1,0,0,2025-09-16,2026-10-16
9999_8__223___,1,1,1,1,1,1,1,2025-09-16,2026-10-16
9999_8__224___,1,1,1,1,1,1,1,2025-09-16,2026-10-16
9999_8__224_A__,1,1,1,1,1,1,1,2025-09-16,2026-10-16
9999_8__226___,1,1,1,1,1,1,1,2025-09-16,2026-10-16
9999_8__227___,1,1,1,1,1,1,1,2025-09-16,2026-10-16
9999_8__229___,1,1,1,1,1,1,1,2025-09-16,2026-10-16
9999_8__231___,1,1,1,1,1,0,0,2025-09-16,2026-10-16
9999_8__232___,1,1,1,1,1,1,1,2025-09-16,2026-10-16
9999_8__250___,1,1,1,1,1,1,1,2025-09-16,2026-10-16
9999_8__251___,1,1,1,1,1,1,1,2025-09-16,2026-10-16
9999_8__252___,1,1,1,1,1,1,1,2025-09-16,2026-10-16
9999_8__254___,1,1,1,1,1,0,0,2025-09-16,2026-10-16
9999_8__255___,1,1,1,1,1,1,1,2025-09-16,2026-10-16
9999_8__256___,1,1,1,1,1,1,1,2025-09-16,2026-10-16
9999_8__819___,0,0,0,0,0,1,1,2025-09-20,2026-10-12
9999_8__824___,1,1,1,1,1,1,1,2025-09-16,2026-10-16
9999_8__913___,1,1,1,1,1,1,1,2025-09-16,2026-10-16
9999_8__FS2___,0,0,0,0,0,1,1,2025-09-20,2026-10-12
9999_8_N_104___,1,1,1,1,1,1,1,2025-09-16,2026-10-16
9999_8_N_202___,1,1,1,1,1,1,1,2025-09-16,2026-10-16
9999_8_N_204___,1,1,1,1,1,1,1,2025-09-16,2026-10-16
9999_9__1__108_,1,1,1,1,1,0,0,2025-09-16,2026-10-16
9999_9__1__104_,1,1,1,1,1,1,1,2025-09-16,2026-10-16
9999_9__2__148_,1,1,1,1,1,1,1,2025-09-16,2026-10-16
9999_9__2__104_,1,1,1,1,1,0,0,2025-09-16,2026-10-16
9999_9__3__148_,1,1,1,1,1,1,1,2025-09-16,2026-10-16
9999_9__4__148_,1,1,1,1,1,1,1,2025-09-16,2026-10-16
9999_9__6__148_,1,1,1,1,1,1,1,2025-09-16,2026-10-16
9999_9__1_A_148_,1,1,1,1,1,1,1,2025-09-16,2026-10-16
9999_9__1_B_148_,1,1,1,1,1,1,1,2025-09-16,2026-10-16
9999_9__5_A_148_,1,1,1,1,1,1,1,2025-09-16,2026-10-16
9999_9__5_B_148_,1,1,1,1,1,1,1,2025-09-16,2026-10-16
9999_8__712___,1,1,1,1,1,1,1,2025-09-16,2026-10-16
9999_8__713___,1,1,1,1,1,1,1,2025-09-16,2026-10-16
9999_8__714___,1,1,1,1,1,1,0,2025-09-16,2026-10-16
9999_8__716___,1,1,1,1,1,1,1,2025-09-16,2026-10-16
9999_8__717___,1,1,1,1,1,0,0,2025-09-16,2026-10-16
9999_8_N_701___,1,1,1,1,1,1,1,2025-09-16,2026-10-16
9999_9__1__903_,1,1,1,1,1,0,0,2025-09-16,2026-10-16
9999_9__2__903_,1,1,1,1,1,0,0,2025-09-16,2026-10-16
9999_9__3__903_,1,1,1,1,1,1,1,2025-09-16,2026-10-16
9999_9__4__903_,1,1,1,1,1,0,0,2025-09-16,2026-10-16
9999_9__5__903_,0,0,0,0,0,1,1,2025-09-20,2026-10-12
1386774_8__280___,0,0,0,0,1,0,0,2025-09-12,2026-10-10
1386778_8__280___,0,0,0,0,1,0,0,2025-09-12,2026-10-10
1386780_8__280___,0,0,0,0,1,0,0,2025-09-12,2026-10-10
1386779_8__280___,0,0,0,0,1,0,0,2025-09-12,2026-10-10
1386781_8__280___,0,0,0,0,1,0,0,2025-09-12,2026-10-10
1386782_8__280___,0,0,0,0,1,0,0,2025-09-12,2026-10-10
1386777_8__280___,0,0,0,0,1,0,0,2025-09-12,2026-10-10
1386775_8__280___,0,0,0,0,1,0,0,2025-09-12,2026-10-10
1386776_8__280___,0,0,0,0,1,0,0,2025-09-12,2026-10-10
1387150_8__280___,0,0,0,0,0,1,0,2025-09-13,2026-10-11
1387151_8__280___,0,0,0,0,0,1,0,2025-09-13,2026-10-11
1387238_8__280___,0,0,0,0,0,0,1,2025-09-14,2026-10-12
1387239_8__280___,0,0,0,0,0,0,1,2025-09-14,2026-10-12
1386572_8__280___,1,1,1,1,0,0,0,2025-09-15,2026-10-09
1386576_8__280___,1,1,1,1,0,0,0,2025-09-15,2026-10-09
1386580_8__280___,1,1,1,1,0,0,0,2025-09-15,2026-10-09
1386573_8__280___,1,1,1,1,0,0,0,2025-09-15,2026-10-09
1386575_8__280___,1,1,1,1,0,0,0,2025-09-15,2026-10-09
1386578_8__280___,1,1,1,1,0,0,0,2025-09-15,2026-10-09
1386579_8__280___,1,1,1,1,0,0,0,2025-09-15,2026-10-09
1386574_8__280___,1,1,1,1,0,0,0,2025-09-15,2026-10-09
1386577_8__280___,1,1,1,1,0,0,0,2025-09-15,2026-10-09
1386784_8__281___,0,0,0,0,1,0,0,2025-09-12,2026-10-10
1386792_8__281___,0,0,0,0,1,0,0,2025-09-12,2026-10-10
1386796_8__281___,0,0,0,0,1,0,0,2025-09-12,2026-10-10
1386783_8__281___,0,0,0,0,1,0,0,2025-09-12,2026-10-10
1386789_8__281___,0,0,0,0,1,0,0,2025-09-12,2026-10-10
1386805_8__281___,0,0,0,0,1,0,0,2025-09-12,2026-10-10
1386810_8__281___,0,0,0,0,1,0,0,2025-09-12,2026-10-10
1386811_8__281___,0,0,0,0,1,0,0,2025-09-12,2026-10-10
1386814_8__281___,0,0,0,0,1,0,0,2025-09-12,2026-10-10
1386788_8__281___,0,0,0,0,1,0,0,2025-09-12,2026-10-10
1386798_8__281___,0,0,0,0,1,0,0,2025-09-12,2026-10-10
1386804_8__281___,0,0,0,0,1,0,0,2025-09-12,2026-10-10
1386808_8__281___,0,0,0,0,1,0,0,2025-09-12,2026-10-10
1386809_8__281___,0,0,0,0,1,0,0,2025-09-12,2026-10-10
1386813_8__281___,0,0,0,0,1,0,0,2025-09-12,2026-10-10
1386793_8__281___,0,0,0,0,1,0,0,2025-09-12,2026-10-10
1386794_8__281___,0,0,0,0,1,0,0,2025-09-12,2026-10-10
1386787_8__281___,0,0,0,0,1,0,0,2025-09-12,2026-10-10
1386790_8__281___,0,0,0,0,1,0,0,2025-09-12,2026-10-10
1386797_8__281___,0,0,0,0,1,0,0,2025-09-12,2026-10-10
1386800_8__281___,0,0,0,0,1,0,0,2025-09-12,2026-10-10
1386802_8__281___,0,0,0,0,1,0,0,2025-09-12,2026-10-10
1386786_8__281___,0,0,0,0,1,0,0,2025-09-12,2026-10-10
1386795_8__281___,0,0,0,0,1,0,0,2025-09-12,2026-10-10
1386806_8__281___,0,0,0,0,1,0,0,2025-09-12,2026-10-10
1386807_8__281___,0,0,0,0,1,0,0,2025-09-12,2026-10-10
1386785_8__281___,0,0,0,0,1,0,0,2025-09-12,2026-10-10
1386791_8__281___,0,0,0,0,1,0,0,2025-09-12,2026-10-10
1386799_8__281___,0,0,0,0,1,0,0,2025-09-12,2026-10-10
1386801_8__281___,0,0,0,0,1,0,0,2025-09-12,2026-10-10
1386803_8__281___,0,0,0,0,1,0,0,2025-09-12,2026-10-10
1386812_8__281___,0,0,0,0,1,0,0,2025-09-12,2026-10-10
1387156_8__281___,0,0,0,0,0,1,0,2025-09-13,2026-10-11
1387154_8__281___,0,0,0,0,0,1,0,2025-09-13,2026-10-11
1387152_8__281___,0,0,0,0,0,1,0,2025-09-13,2026-10-11
1387155_8__281___,0,0,0,0,0,1,0,2025-09-13,2026-10-11
1387157_8__281___,0,0,0,0,0,1,0,2025-09-13,2026-10-11
1387160_8__281___,0,0,0,0,0,1,0,2025-09-13,2026-10-11
1387159_8__281___,0,0,0,0,0,1,0,2025-09-13,2026-10-11
1387153_8__281___,0,0,0,0,0,1,0,2025-09-13,2026-10-11
1387158_8__281___,0,0,0,0,0,1,0,2025-09-13,2026-10-11
1387240_8__281___,0,0,0,0,0,0,1,2025-09-14,2026-10-12
1387245_8__281___,0,0,0,0,0,0,1,2025-09-14,2026-10-12
1387247_8__281___,0,0,0,0,0,0,1,2025-09-14,2026-10-12
1387248_8__281___,0,0,0,0,0,0,1,2025-09-14,2026-10-12
1387242_8__281___,0,0,0,0,0,0,1,2025-09-14,2026-10-12
1387243_8__281___,0,0,0,0,0,0,1,2025-09-14,2026-10-12
1387244_8__281___,0,0,0,0,0,0,1,2025-09-14,2026-10-12
1387241_8__281___,0,0,0,0,0,0,1,2025-09-14,2026-10-12
1387246_8__281___,0,0,0,0,0,0,1,2025-09-14,2026-10-12
1386584_8__281___,1,1,1,1,0,0,0,2025-09-15,2026-10-09
1386585_8__281___,1,1,1,1,0,0,0,2025-09-15,2026-10-09
1386602_8__281___,1,1,1,1,0,0,0,2025-09-15,2026-10-09
1386583_8__281___,1,1,1,1,0,0,0,2025-09-15,2026-10-09
1386593_8__281___,1,1,1,1,0,0,0,2025-09-15,2026-10-09
1386596_8__281___,1,1,1,1,0,0,0,2025-09-15,2026-10-09
1386599_8__281___,1,1,1,1,0,0,0,2025-09-15,2026-10-09
1386604_8__281___,1,1,1,1,0,0,0,2025-09-15,2026-10-09
1386605_8__281___,1,1,1,1,0,0,0,2025-09-15,2026-10-09
1386609_8__281___,1,1,1,1,0,0,0,2025-09-15,2026-10-09
1386587_8__281___,1,1,1,1,0,0,0,2025-09-15,2026-10-09
1386588_8__281___,1,1,1,1,0,0,0,2025-09-15,2026-10-09
1386589_8__281___,1,1,1,1,0,0,0,2025-09-15,2026-10-09
1386595_8__281___,1,1,1,1,0,0,0,2025-09-15,2026-10-09
1386606_8__281___,1,1,1,1,0,0,0,2025-09-15,2026-10-09
1386608_8__281___,1,1,1,1,0,0,0,2025-09-15,2026-10-09
1386611_8__281___,1,1,1,1,0,0,0,2025-09-15,2026-10-09
1386612_8__281___,1,1,1,1,0,0,0,2025-09-15,2026-10-09
1386610_8__281___,1,1,1,1,0,0,0,2025-09-15,2026-10-09
1386594_8__281___,1,1,1,1,0,0,0,2025-09-15,2026-10-09
1386597_8__281___,1,1,1,1,0,0,0,2025-09-15,2026-10-09
1386598_8__281___,1,1,1,1,0,0,0,2025-09-15,2026-10-09
1386603_8__281___,1,1,1,1,0,0,0,2025-09-15,2026-10-09
1386581_8__281___,1,1,1,1,0,0,0,2025-09-15,2026-10-09
1386591_8__281___,1,1,1,1,0,0,0,2025-09-15,2026-10-09
1386592_8__281___,1,1,1,1,0,0,0,2025-09-15,2026-10-09
1386600_8__281___,1,1,1,1,0,0,0,2025-09-15,2026-10-09
1386601_8__281___,1,1,1,1,0,0,0,2025-09-15,2026-10-09
1386582_8__281___,1,1,1,1,0,0,0,2025-09-15,2026-10-09
1386586_8__281___,1,1,1,1,0,0,0,2025-09-15,2026-10-09
1386590_8__281___,1,1,1,1,0,0,0,2025-09-15,2026-10-09
1386607_8__281___,1,1,1,1,0,0,0,2025-09-15,2026-10-09
1386821_8__282___,0,0,0,0,1,0,0,2025-09-12,2026-10-10
1386827_8__282___,0,0,0,0,1,0,0,2025-09-12,2026-10-10
1386833_8__282___,0,0,0,0,1,0,0,2025-09-12,2026-10-10
1386835_8__282___,0,0,0,0,1,0,0,2025-09-12,2026-10-10
1386815_8__282___,0,0,0,0,1,0,0,2025-09-12,2026-10-10
1386820_8__282___,0,0,0,0,1,0,0,2025-09-12,2026-10-10
1386831_8__282___,0,0,0,0,1,0,0,2025-09-12,2026-10-10
1386822_8__282___,0,0,0,0,1,0,0,2025-09-12,2026-10-10
1386840_8__282___,0,0,0,0,1,0,0,2025-09-12,2026-10-10
1386816_8__282___,0,0,0,0,1,0,0,2025-09-12,2026-10-10
1386817_8__282___,0,0,0,0,1,0,0,2025-09-12,2026-10-10
1386823_8__282___,0,0,0,0,1,0,0,2025-09-12,2026-10-10
1386824_8__282___,0,0,0,0,1,0,0,2025-09-12,2026-10-10
1386825_8__282___,0,0,0,0,1,0,0,2025-09-12,2026-10-10
1386826_8__282___,0,0,0,0,1,0,0,2025-09-12,2026-10-10
1386828_8__282___,0,0,0,0,1,0,0,2025-09-12,2026-10-10
1386829_8__282___,0,0,0,0,1,0,0,2025-09-12,2026-10-10
1386830_8__282___,0,0,0,0,1,0,0,2025-09-12,2026-10-10
1386832_8__282___,0,0,0,0,1,0,0,2025-09-12,2026-10-10
1386838_8__282___,0,0,0,0,1,0,0,2025-09-12,2026-10-10
1386818_8__282___,0,0,0,0,1,0,0,2025-09-12,2026-10-10
1386819_8__282___,0,0,0,0,1,0,0,2025-09-12,2026-10-10
1386834_8__282___,0,0,0,0,1,0,0,2025-09-12,2026-10-10
1386836_8__282___,0,0,0,0,1,0,0,2025-09-12,2026-10-10
1386837_8__282___,0,0,0,0,1,0,0,2025-09-12,2026-10-10
1386839_8__282___,0,0,0,0,1,0,0,2025-09-12,2026-10-10
1387162_8__282___,0,0,0,0,0,1,0,2025-09-13,2026-10-11
1387163_8__282___,0,0,0,0,0,1,0,2025-09-13,2026-10-11
1387169_8__282___,0,0,0,0,0,1,0,2025-09-13,2026-10-11
1387165_8__282___,0,0,0,0,0,1,0,2025-09-13,2026-10-11
1387164_8__282___,0,0,0,0,0,1,0,2025-09-13,2026-10-11
1387166_8__282___,0,0,0,0,0,1,0,2025-09-13,2026-10-11
1387161_8__282___,0,0,0,0,0,1,0,2025-09-13,2026-10-11
1387168_8__282___,0,0,0,0,0,1,0,2025-09-13,2026-10-11
1387170_8__282___,0,0,0,0,0,1,0,2025-09-13,2026-10-11
1387171_8__282___,0,0,0,0,0,1,0,2025-09-13,2026-10-11
1387167_8__282___,0,0,0,0,0,1,0,2025-09-13,2026-10-11
1387252_8__282___,0,0,0,0,0,0,1,2025-09-14,2026-10-12
1387254_8__282___,0,0,0,0,0,0,1,2025-09-14,2026-10-12
1387256_8__282___,0,0,0,0,0,0,1,2025-09-14,2026-10-12
1387249_8__282___,0,0,0,0,0,0,1,2025-09-14,2026-10-12
1387250_8__282___,0,0,0,0,0,0,1,2025-09-14,2026-10-12
1387258_8__282___,0,0,0,0,0,0,1,2025-09-14,2026-10-12
1387253_8__282___,0,0,0,0,0,0,1,2025-09-14,2026-10-12
1387257_8__282___,0,0,0,0,0,0,1,2025-09-14,2026-10-12
1387251_8__282___,0,0,0,0,0,0,1,2025-09-14,2026-10-12
1387255_8__282___,0,0,0,0,0,0,1,2025-09-14,2026-10-12
1386619_8__282___,1,1,1,1,0,0,0,2025-09-15,2026-10-09
1386624_8__282___,1,1,1,1,0,0,0,2025-09-15,2026-10-09
1386633_8__282___,1,1,1,1,0,0,0,2025-09-15,2026-10-09
1386616_8__282___,1,1,1,1,0,0,0,2025-09-15,2026-10-09
1386617_8__282___,1,1,1,1,0,0,0,2025-09-15,2026-10-09
1386621_8__282___,1,1,1,1,0,0,0,2025-09-15,2026-10-09
1386625_8__282___,1,1,1,1,0,0,0,2025-09-15,2026-10-09
1386627_8__282___,1,1,1,1,0,0,0,2025-09-15,2026-10-09
1386631_8__282___,1,1,1,1,0,0,0,2025-09-15,2026-10-09
1386637_8__282___,1,1,1,1,0,0,0,2025-09-15,2026-10-09
1386620_8__282___,1,1,1,1,0,0,0,2025-09-15,2026-10-09
1386623_8__282___,1,1,1,1,0,0,0,2025-09-15,2026-10-09
1386630_8__282___,1,1,1,1,0,0,0,2025-09-15,2026-10-09
1386634_8__282___,1,1,1,1,0,0,0,2025-09-15,2026-10-09
1386614_8__282___,1,1,1,1,0,0,0,2025-09-15,2026-10-09
1386629_8__282___,1,1,1,1,0,0,0,2025-09-15,2026-10-09
1386632_8__282___,1,1,1,1,0,0,0,2025-09-15,2026-10-09
1386635_8__282___,1,1,1,1,0,0,0,2025-09-15,2026-10-09
1386613_8__282___,1,1,1,1,0,0,0,2025-09-15,2026-10-09
1386615_8__282___,1,1,1,1,0,0,0,2025-09-15,2026-10-09
1386622_8__282___,1,1,1,1,0,0,0,2025-09-15,2026-10-09
1386626_8__282___,1,1,1,1,0,0,0,2025-09-15,2026-10-09
1386628_8__282___,1,1,1,1,0,0,0,2025-09-15,2026-10-09
1386636_8__282___,1,1,1,1,0,0,0,2025-09-15,2026-10-09
1386618_8__282___,1,1,1,1,0,0,0,2025-09-15,2026-10-09
1386847_8__283___,0,0,0,0,1,0,0,2025-09-12,2026-10-10
1386841_8__283___,0,0,0,0,1,0,0,2025-09-12,2026-10-10
1386846_8__283___,0,0,0,0,1,0,0,2025-09-12,2026-10-10
1386848_8__283___,0,0,0,0,1,0,0,2025-09-12,2026-10-10
1386842_8__283___,0,0,0,0,1,0,0,2025-09-12,2026-10-10
1386845_8__283___,0,0,0,0,1,0,0,2025-09-12,2026-10-10
1386849_8__283___,0,0,0,0,1,0,0,2025-09-12,2026-10-10
1386843_8__283___,0,0,0,0,1,0,0,2025-09-12,2026-10-10
1386850_8__283___,0,0,0,0,1,0,0,2025-09-12,2026-10-10
