shape_id,shape_pt_lat,shape_pt_lon,shape_pt_sequence,shape_dist_traveled
9__1__013__1_-_IT_1,40.0345269585562,-3.61783386984079,1000001,0.0
9__1__013__1_-_IT_1,40.0345387269612,-3.6177601951994,1000002,0.006420176462
9__1__013__1_-_IT_1,40.0345337380432,-3.61772391145079,1000003,0.015985203044
9__1__013__1_-_IT_1,40.0345261086463,-3.61769687395839,1000004,0.028007578737
9__1__013__1_-_IT_1,40.0345171603552,-3.61767403824246,1000005,0.042216842367
9__1__013__1_-_IT_1,40.0345056129238,-3.61765286455214,1000006,0.058641127306
9__1__013__1_-_IT_1,40.0344920943406,-3.6176367306602,1000007,0.077101665964
9__1__013__1_-_IT_1,40.0344746712151,-3.61762393131335,1000008,0.097783108025
9__1__013__1_-_IT_1,40.0344520614841,-3.61761192909128,1000009,0.121174996381
9__1__013__1_-_IT_1,40.0344003769653,-3.6175853369849,1000010,0.150735952437
9__1__013__1_-_IT_1,40.0338654550965,-3.61730829856466,1000011,0.244202422527
9__1__013__1_-_IT_1,40.0333776603573,-3.61706202948629,1000012,0.395745740516
9__1__013__1_-_IT_1,40.0331146326495,-3.61694251671649,1000013,0.578213269788
9__1__013__1_-_IT_1,40.0330823458711,-3.61692284215256,1000014,0.764638136229
9__1__013__1_-_IT_1,40.0330669018406,-3.61690331935927,1000015,0.953453210805
9__1__013__1_-_IT_1,40.0330598975778,-3.61688050175056,1000016,1.144364605197
9__1__013__1_-_IT_1,40.0330600770268,-3.61684679355995,1000017,1.338152099589
9__1__013__1_-_IT_1,40.0330686684201,-3.61681484658103,1000018,1.534827348712
9__1__013__1_-_IT_1,40.03308116972,-3.61677872006239,1000019,1.734882885996
9__1__013__1_-_IT_1,40.0337096057296,-3.61518566243482,1000020,2.087713021594
9__1__013__1_-_IT_1,40.0337728291328,-3.61501900883692,1000021,2.456399515135
9__1__013__1_-_IT_1,40.0338663529017,-3.61481716574025,1000022,2.845194026903
9__1__013__1_-_IT_1,40.0339546810816,-3.61462641374793,1000023,3.252988380861
9__1__013__1_-_IT_1,40.0342932202035,-3.61374299109182,1000024,3.745003580399
9__1__013__1_-_IT_1,40.0344459635373,-3.61335012886163,1000025,4.2745813299
9__1__013__1_-_IT_1,40.0350088127186,-3.61181164309528,1000026,4.949530193519
9__1__013__1_-_IT_1,40.0350194369188,-3.61174491893903,1000027,5.63029274346
9__1__013__1_-_IT_1,40.0350180073587,-3.61169145018659,1000028,6.315619949411
9__1__013__1_-_IT_1,40.035006234904,-3.61165125332212,1000029,7.004617203357
9__1__013__1_-_IT_1,40.034978984305,-3.61162428248173,1000030,7.697414957303
9__1__013__1_-_IT_1,40.0349124628427,-3.61157691445477,1000031,8.398629913372
9__1__013__1_-_IT_1,40.0346787057372,-3.61142559765201,1000032,9.128825164017
9__1__013__1_-_IT_1,40.0342606166986,-3.61116572538016,1000033,9.910450840143
9__1__013__1_-_IT_1,40.0340289826639,-3.61099696869678,1000034,10.721543824518
9__1__013__1_-_IT_1,40.0339841256505,-3.61095966537291,1000035,11.538546043412
9__1__013__1_-_IT_1,40.0339571721149,-3.61091801519228,1000036,12.360193512031
9__1__013__1_-_IT_1,40.0339368740267,-3.61087106215119,1000037,13.186437100144
9__1__013__1_-_IT_1,40.033928631358,-3.61081085144163,1000038,14.017898714575
9__1__013__1_-_IT_1,40.033799934828,-3.60891429248445,1000039,15.01180470688
9__1__013__1_-_IT_1,40.0337938934645,-3.60876055686826,1000040,16.018844618084
9__1__013__1_-_IT_1,40.0337856028913,-3.60870925625582,1000041,17.03035720571
9__1__013__1_-_IT_1,40.0337737825942,-3.60867796917474,1000042,18.04484421096
9__1__013__1_-_IT_1,40.0337585153768,-3.60865110653467,1000043,19.062181576209
9__1__013__1_-_IT_1,40.033731181271,-3.60863972762833,1000044,20.082704428903
9__1__013__1_-_IT_1,40.0336844116116,-3.6086403386128,1000045,21.108418720728
9__1__013__1_-_IT_1,40.0336844116116,-3.6086403386128,2000001,21.108418720728
9__1__013__1_-_IT_1,40.0330112080816,-3.60870187118263,2000002,21.183324848827
9__1__013__1_-_IT_1,40.0322173480672,-3.6087776111169,2000003,21.34658175137
9__1__013__1_-_IT_1,40.0321890520799,-3.60877919965982,2000004,21.512982276838
9__1__013__1_-_IT_1,40.0321721191364,-3.60877168862459,2000005,21.681368522941
9__1__013__1_-_IT_1,40.0321627784472,-3.60875238041624,2000006,21.851701275681
9__1__013__1_-_IT_1,40.0321536026658,-3.60858006705826,2000007,22.036771464535
9__1__013__1_-_IT_1,40.0321299195481,-3.60800569573344,2000008,22.270918897588
9__1__013__1_-_IT_1,40.0320997577505,-3.60739327999196,2000009,22.557426321541
9__1__013__1_-_IT_1,40.0320758627153,-3.60701753027628,2000010,22.876103187636
9__1__013__1_-_IT_1,40.0320758627153,-3.60701753027628,3000001,22.876103187636
9__1__013__1_-_IT_1,40.0320499124114,-3.60639646901627,3000002,22.929171959014
9__1__013__1_-_IT_1,40.0320438630702,-3.60627702460984,3000003,22.99245413173
9__1__013__1_-_IT_1,40.032037897868,-3.60614130002922,3000004,23.067335590983
9__1__013__1_-_IT_1,40.0320041229348,-3.60542031634989,3000005,23.203847389655
9__1__013__1_-_IT_1,40.0319631883188,-3.60447134307769,3000006,23.421455490187
9__1__013__1_-_IT_1,40.0319504767467,-3.60418903567216,3000007,23.663192104243
9__1__013__1_-_IT_1,40.031945004767,-3.6041184383034,3000008,23.910982819036
9__1__013__1_-_IT_1,40.0319361278214,-3.6040608358755,3000009,24.163786118986
9__1__013__1_-_IT_1,40.031927182061,-3.60401625664936,3000010,24.420520505291
9__1__013__1_-_IT_1,40.0319207399543,-3.60397169951877,3000011,24.68112328595
9__1__013__1_-_IT_1,40.0319159154305,-3.60393692567957,3000012,24.944741002471
9__1__013__1_-_IT_1,40.0319159154305,-3.60393692567957,4000001,24.944741002471
9__1__013__1_-_IT_1,40.0319168571631,-3.60391631180975,4000002,24.946502937489
9__1__013__1_-_IT_1,40.0319203016622,-3.60389572001267,4000003,24.950062937137
9__1__013__1_-_IT_1,40.0319262432658,-3.60387623672438,4000004,24.955411339838
9__1__013__1_-_IT_1,40.0319297160359,-3.60385021859074,4000005,24.96301289642
9__1__013__1_-_IT_1,40.0318994644484,-3.6032508293877,4000006,25.021866088364
9__1__013__1_-_IT_1,40.0318546575627,-3.602241043576,4000007,25.167020424373
9__1__013__1_-_IT_1,40.0318371210643,-3.60192287686219,4000008,25.339391328675
9__1__013__1_-_IT_1,40.0318048783825,-3.60131148763181,4000009,25.564050307994
9__1__013__1_-_IT_1,40.0317956642198,-3.6012300503456,4000010,25.795732611178
9__1__013__1_-_IT_1,40.0317843215814,-3.60116482839452,4000011,26.033120471472
9__1__013__1_-_IT_1,40.0317705042835,-3.60109415817178,4000012,26.27673009944
9__1__013__1_-_IT_1,40.0317649459711,-3.60103984134877,4000013,26.525015079296
9__1__013__1_-_IT_1,40.0317649459711,-3.60103984134877,5000001,26.525015079296
9__1__013__1_-_IT_1,40.0317701203932,-3.60100732618357,5000002,26.527848192595
9__1__013__1_-_IT_1,40.0317769858411,-3.60097048342774,5000003,26.533915879529
9__1__013__1_-_IT_1,40.0317821780296,-3.60093471246552,5000004,26.543089581161
9__1__013__1_-_IT_1,40.0317832655609,-3.60088588053642,5000005,26.556431511505
9__1__013__1_-_IT_1,40.0317428189533,-3.59999661175582,5000006,26.645781123366
9__1__013__1_-_IT_1,40.0317232340485,-3.59958942898551,5000007,26.769940701714
9__1__013__1_-_IT_1,40.0316955987098,-3.59896401760263,5000008,26.947550310929
9__1__013__1_-_IT_1,40.0316695715659,-3.59834947388798,5000009,27.177674139707
9__1__013__1_-_IT_1,40.0316697452925,-3.59831582955341,5000010,27.410668668485
9__1__013__1_-_IT_1,40.0316782400724,-3.5982865991736,5000011,27.646329498315
9__1__013__1_-_IT_1,40.0316908604062,-3.59826608733304,5000012,27.884232015288
9__1__013__1_-_IT_1,40.031709293425,-3.59825105283483,5000013,28.124549382886
9__1__013__1_-_IT_1,40.0317276816114,-3.59824470161455,5000014,28.366978451847
9__1__013__1_-_IT_1,40.0320832997718,-3.59820764953028,5000015,28.64900554181
9__1__013__1_-_IT_1,40.0321651502572,-3.59819099950046,5000016,28.940227978075
9__1__013__1_-_IT_1,40.0322019378322,-3.59817612522711,5000017,29.235726309265
9__1__013__1_-_IT_1,40.0322328959063,-3.59815902936953,5000018,29.53495759727
9__1__013__1_-_IT_1,40.0322630318255,-3.59813975567124,5000019,29.837916186986
9__1__013__1_-_IT_1,40.032283905971,-3.59813668205376,5000020,30.143206484414
9__1__013__1_-_IT_1,40.032283905971,-3.59813668205376,6000001,30.143206484414
9__1__013__1_-_IT_1,40.0323114158564,-3.59814126483051,6000002,30.146284861624
9__1__013__1_-_IT_1,40.0323380513733,-3.59815343606093,6000003,30.152496718186
9__1__013__1_-_IT_1,40.032371395464,-3.59815915396678,6000004,30.16244159854
9__1__013__1_-_IT_1,40.0324055962212,-3.59816053806645,6000005,30.176184407936
9__1__013__1_-_IT_1,40.0333644357834,-3.59804178815272,6000006,30.296834248592
9__1__013__1_-_IT_1,40.0333644357834,-3.59804178815272,7000001,30.296834248592
9__1__013__1_-_IT_1,40.0337170586592,-3.59799624215039,7000002,30.336165863109
9__1__013__1_-_IT_1,40.0337329227339,-3.5979906832316,7000003,30.377321059532
9__1__013__1_-_IT_1,40.0337481301118,-3.59798161171417,7000004,30.420333182282
9__1__013__1_-_IT_1,40.0337687806505,-3.59796250667604,7000005,30.466157912073
9__1__013__1_-_IT_1,40.0337888533393,-3.59793613202943,7000006,30.515149282809
9__1__013__1_-_IT_1,40.0338079022812,-3.59790875684751,7000007,30.567291158584
9__1__013__1_-_IT_1,40.0338284681762,-3.59788143357558,7000008,30.622695755808
9__1__013__1_-_IT_1,40.0338518493673,-3.59785450173159,7000009,30.681566619487
9__1__013__1_-_IT_1,40.0338781899047,-3.59783147412607,7000010,30.743959964486
9__1__013__1_-_IT_1,40.0339015150856,-3.59781539640544,7000011,30.809283232846
9__1__013__1_-_IT_1,40.0339277756306,-3.59780787237295,7000012,30.877591130229
9__1__013__1_-_IT_1,40.0339551890023,-3.59780811172705,7000013,30.948941827612
9__1__013__1_-_IT_1,40.0339867007607,-3.5978223428602,7000014,31.023994915976
9__1__013__1_-_IT_1,40.0340074540992,-3.59784268156102,7000015,31.10193199464
9__1__013__1_-_IT_1,40.0340246156644,-3.59786608907216,7000016,31.182628953325
9__1__013__1_-_IT_1,40.0340411377046,-3.5978980202665,7000017,31.266609997638
9__1__013__1_-_IT_1,40.0340594911772,-3.59792143938408,7000018,31.353444529923
9__1__013__1_-_IT_1,40.0340832527627,-3.5979363776559,7000019,31.443208282762
9__1__013__1_-_IT_1,40.0341082573777,-3.59794124803296,7000020,31.535778344426
9__1__013__1_-_IT_1,40.0341416254733,-3.59794231419512,7000021,31.632053195807
9__1__013__1_-_IT_1,40.0341774094186,-3.59793719994761,7000022,31.732323762698
9__1__013__1_-_IT_1,40.0353951537809,-3.59778037030924,7000023,31.968417882614
9__1__013__1_-_IT_1,40.035423727732,-3.59777167544372,7000024,32.207769155253
9__1__013__1_-_IT_1,40.0354441199777,-3.59776141469792,7000025,32.449547251868
9__1__013__1_-_IT_1,40.0354596900869,-3.59774681958337,7000026,32.693455432583
9__1__013__1_-_IT_1,40.0354741242562,-3.59772136081859,7000027,32.940062644994
9__1__013__1_-_IT_1,40.0354897703377,-3.59769203645905,7000028,33.189715410605
9__1__013__1_-_IT_1,40.0355042404895,-3.5976595992477,7000029,33.442567949878
9__1__013__1_-_IT_1,40.0355216779939,-3.59762951456237,7000030,33.698635196498
9__1__013__1_-_IT_1,40.0355411355896,-3.59759136814171,7000031,33.958608406488
9__1__013__1_-_IT_1,40.0355554014852,-3.59756446497775,7000032,34.221370128412
9__1__013__1_-_IT_1,40.0355647262516,-3.59752886967595,7000033,34.48734029725
9__1__013__1_-_IT_1,40.0355691600486,-3.59747485299065,7000034,34.757945269718
9__1__013__1_-_IT_1,40.0355655010586,-3.59737860135824,7000035,35.036772287445
9__1__013__1_-_IT_1,40.0355187615606,-3.59677277204787,7000036,35.367547235496
9__1__013__1_-_IT_1,40.0355187615606,-3.59677277204787,8000001,35.367547235496
9__1__013__1_-_IT_1,40.0353621756275,-3.59465716088384,8000002,35.548882342326
9__1__013__1_-_IT_1,40.0353621756275,-3.59465716088384,9000001,35.548882342326
9__1__013__1_-_IT_1,40.0352238642184,-3.59280609380941,9000002,35.707556875406
9__1__013__1_-_IT_1,40.0352238642184,-3.59280609380941,10000001,35.707556875406
9__1__013__1_-_IT_1,40.0352073616168,-3.59257016221972,10000002,35.727769376543
9__1__013__1_-_IT_1,40.0351994458793,-3.59255145725181,10000003,35.749803628663
9__1__013__1_-_IT_1,40.0351909359142,-3.5925374285288,10000004,35.77336260522
9__1__013__1_-_IT_1,40.0351748881841,-3.59252891613175,10000005,35.798845162645
9__1__013__1_-_IT_1,40.0351609365053,-3.59253019136139,10000006,35.825880095557
9__1__013__1_-_IT_1,40.0350442537126,-3.59254067163526,10000007,35.86589699381
9__1__013__1_-_IT_1,40.0344944249631,-3.59259978039937,10000008,35.967149810034
9__1__013__1_-_IT_1,40.0339920877171,-3.59265962637078,10000009,36.124392543668
9__1__013__1_-_IT_1,40.0339920877171,-3.59265962637078,11000001,36.124392543668
9__1__013__1_-_IT_1,40.0327137621632,-3.59280067038417,11000002,36.266788875159
9__1__013__1_-_IT_1,40.0326815319865,-3.59281015929944,11000003,36.41285304323
9__1__013__1_-_IT_1,40.0326546129397,-3.59282793846388,11000004,36.56226809947
9__1__013__1_-_IT_1,40.0326255173044,-3.59285572574251,11000005,36.715689441303
9__1__013__1_-_IT_1,40.0325974497232,-3.5928903690716,11000006,36.873405232065
9__1__013__1_-_IT_1,40.0325725645353,-3.59293201837067,11000007,37.03562183433
9__1__013__1_-_IT_1,40.032550853695,-3.59298206831808,11000008,37.202741798439
9__1__013__1_-_IT_1,40.0325345426649,-3.59302518656574,11000009,37.37396202859
9__1__013__1_-_IT_1,40.0325139690694,-3.59306268653123,11000010,37.549113142221
9__1__013__1_-_IT_1,40.0324934168897,-3.59309600006928,11000011,37.727908820997
9__1__013__1_-_IT_1,40.032468609299,-3.59312229946738,11000012,37.910256531738
9__1__013__1_-_IT_1,40.0324145203375,-3.59315369211036,11000013,38.099178214332
9__1__013__1_-_IT_1,40.0324145203375,-3.59315369211036,12000001,38.099178214332
9__1__013__1_-_IT_1,40.0323125885464,-3.59318555044209,12000002,38.110814019525
9__1__013__1_-_IT_1,40.0322829325328,-3.5931907892863,12000003,38.125771685217
9__1__013__1_-_IT_1,40.0322539299393,-3.59318982541858,12000004,38.143949524941
9__1__013__1_-_IT_1,40.0322287990719,-3.59318106460591,12000005,38.16501516793
9__1__013__1_-_IT_1,40.0321982351677,-3.5931644239047,12000006,38.189758365961
9__1__013__1_-_IT_1,40.0321644274698,-3.59313992346607,12000007,38.218797014242
9__1__013__1_-_IT_1,40.0321295542891,-3.59310971882386,12000008,38.25248583677
9__1__013__1_-_IT_1,40.0320979540552,-3.59308167686667,12000009,38.290420451513
9__1__013__1_-_IT_1,40.0320740016155,-3.59305655043016,12000010,38.331770349706
9__1__013__1_-_IT_1,40.0320489727602,-3.59302785517214,12000011,38.376823225152
9__1__013__1_-_IT_1,40.0320315748456,-3.59299850286785,12000012,38.425038553371
9__1__013__1_-_IT_1,40.0320189175307,-3.59295652880752,12000013,38.477100913342
9__1__013__1_-_IT_1,40.0320114119503,-3.59291120511719,12000014,38.53311911958
9__1__013__1_-_IT_1,40.0320108217229,-3.59286156722449,12000015,38.593373062327
9__1__013__1_-_IT_1,40.0320143478584,-3.59282657222507,12000016,38.656638407872
9__1__013__1_-_IT_1,40.0320228625725,-3.59279299874077,12000017,38.722920203093
9__1__013__1_-_IT_1,40.0320338544654,-3.59276268741101,12000018,38.792061564772
9__1__013__1_-_IT_1,40.032042943685,-3.59274026742288,12000019,38.86336558208
9__1__013__1_-_IT_1,40.0320588617202,-3.59271389578514,12000020,38.937530463327
9__1__013__1_-_IT_1,40.0320773114959,-3.59269403569433,12000021,39.014353339657
9__1__013__1_-_IT_1,40.0320981061746,-3.59267881611493,12000022,39.093824531219
9__1__013__1_-_IT_1,40.0321255666255,-3.59266562795729,12000023,39.176544753777
9__1__013__1_-_IT_1,40.0321721394588,-3.59264835418153,12000024,39.264640297311
9__1__013__1_-_IT_1,40.0322165195944,-3.59264036633387,12000025,39.357708709051
9__1__013__1_-_IT_1,40.0322544444816,-3.5926360427034,12000026,39.455002702077
9__1__013__1_-_IT_1,40.0322937705894,-3.59263731369129,12000027,39.556663017094
9__1__013__1_-_IT_1,40.0323302077092,-3.59264414100189,12000028,39.662409382157
9__1__013__1_-_IT_1,40.0323673221,-3.59265841673547,12000029,39.772451534063
9__1__013__1_-_IT_1,40.0324034394346,-3.59267527292674,12000030,39.886752684343
9__1__013__1_-_IT_1,40.032537842444,-3.59276238452908,12000031,40.017720821093
9__1__013__1_-_IT_1,40.0325556151535,-3.59276832601702,12000032,40.150725723524
9__1__013__1_-_IT_1,40.0325862795875,-3.59276726354363,12000033,40.287135411601
9__1__013__1_-_IT_1,40.032622394939,-3.59276601150325,12000034,40.427555122507
9__1__013__1_-_IT_1,40.0328566094484,-3.59274644388627,12000035,40.594024874436
9__1__013__1_-_IT_1,40.0329559400735,-3.59273430207096,12000036,40.771568328118
9__1__013__1_-_IT_1,40.0333289547298,-3.59269783667715,12000037,40.990631037834
9__1__013__1_-_IT_1,40.0338975366726,-3.59262862447716,12000038,41.273078813179
9__1__013__1_-_IT_1,40.0341675831408,-3.59259537619621,12000039,41.585634162488
9__1__013__1_-_IT_1,40.0344582997087,-3.59256438936871,12000040,41.930565539206
9__1__013__1_-_IT_1,40.0350880482089,-3.59249726561246,12000041,42.345629677857
9__1__013__1_-_IT_1,40.0351738257059,-3.59248509018371,12000042,42.770271139311
9__1__013__1_-_IT_1,40.0351844355926,-3.59247978329034,12000043,43.196174281201
9__1__013__1_-_IT_1,40.0351927972299,-3.59247031355176,12000044,43.623307924655
9__1__013__1_-_IT_1,40.0351977808843,-3.59245190776009,12000045,44.052106500327
9__1__013__1_-_IT_1,40.0351977858807,-3.59242960852251,12000046,44.482807614477
9__1__013__1_-_IT_1,40.0351812230783,-3.59219049784438,12000047,44.933991969152
9__1__013__1_-_IT_1,40.0351395761215,-3.59162817745265,12000048,45.433374883089
9__1__013__1_-_IT_1,40.0350275552126,-3.59006856207549,12000049,46.06640175074
9__1__013__1_-_IT_1,40.0349976915362,-3.58964879692897,12000050,46.735395521544
9__1__013__1_-_IT_1,40.034983663589,-3.5894807328581,12000051,47.418812600574
9__1__013__1_-_IT_1,40.0349674087468,-3.58926278150834,12000052,48.120912345068
9__1__013__1_-_IT_1,40.0349674087468,-3.58926278150834,13000001,48.120912345068
9__1__013__1_-_IT_1,40.0349116740042,-3.58845719966165,13000002,48.189921483763
9__1__013__1_-_IT_1,40.0349070851609,-3.5884256635685,13000003,48.261669030436
9__1__013__1_-_IT_1,40.0348964640815,-3.58838601628459,13000004,48.336998777058
9__1__013__1_-_IT_1,40.0348789210858,-3.58834898660401,13000005,48.416039703676
9__1__013__1_-_IT_1,40.0348580510199,-3.58831688398559,13000006,48.498667814037
9__1__013__1_-_IT_1,40.034843607259,-3.58828483660459,13000007,48.584465512132
9__1__013__1_-_IT_1,40.0348245212426,-3.5882466696792,13000008,48.674148011548
9__1__013__1_-_IT_1,40.0348159499417,-3.58820859193851,13000009,48.767215698934
9__1__013__1_-_IT_1,40.0348120496788,-3.58817131502659,13000010,48.86349314199
9__1__013__1_-_IT_1,40.0348174579511,-3.58814171796346,13000011,48.962366145828
9__1__013__1_-_IT_1,40.0348333827343,-3.5881122124039,13000012,49.064315103471
9__1__013__1_-_IT_1,40.0348492573702,-3.58809258601655,13000013,49.168694819024
9__1__013__1_-_IT_1,40.034863235374,-3.58806960519257,13000014,49.275574820373
9__1__013__1_-_IT_1,40.0348728914475,-3.58804591210932,13000015,49.384742838944
9__1__013__1_-_IT_1,40.0348785892578,-3.58801908482193,13000016,49.496285496076
9__1__013__1_-_IT_1,40.0348787962416,-3.58799427561184,13000017,49.60994497234
9__1__013__1_-_IT_1,40.0348655330022,-3.5878639626481,13000018,49.734819647108
9__1__013__1_-_IT_1,40.0348092467936,-3.58712191310204,13000019,49.923312705044
9__1__013__1_-_IT_1,40.0347178082739,-3.58581823279126,13000020,50.223496573389
9__1__013__1_-_IT_1,40.0346380453831,-3.58461968935141,13000021,50.626321643223
9__1__013__1_-_IT_1,40.0346380453831,-3.58461968935141,14000001,50.626321643223
9__1__013__1_-_IT_1,40.034597949742,-3.5840633313047,14000002,50.673997828637
9__1__013__1_-_IT_1,40.0345887278251,-3.584001228937,14000003,50.72707050252
9__1__013__1_-_IT_1,40.0345686847579,-3.58395764128019,14000004,50.78447666214
9__1__013__1_-_IT_1,40.0345367389195,-3.5839108519495,14000005,50.847222208363
9__1__013__1_-_IT_1,40.034511222844,-3.58385448992501,14000006,50.915548548703
9__1__013__1_-_IT_1,40.0344979080234,-3.58381128322991,14000007,50.987846461976
9__1__013__1_-_IT_1,40.0344909439404,-3.58377400991555,14000008,51.063417102466
9__1__013__1_-_IT_1,40.0344888031381,-3.58372592298488,14000009,51.143097363555
9__1__013__1_-_IT_1,40.03449740348,-3.58367482744158,14000010,51.227240352437
9__1__013__1_-_IT_1,40.0345215057702,-3.5836223133495,14000011,51.316601709077
9__1__013__1_-_IT_1,40.0345427102235,-3.58356968075327,14000012,51.411033033726
9__1__013__1_-_IT_1,40.0345554505698,-3.58350889791907,14000013,51.510839648136
9__1__013__1_-_IT_1,40.034555721259,-3.58345514215986,14000014,51.615232762546
9__1__013__1_-_IT_1,40.0345480433214,-3.58332949982316,14000015,51.730379410095
9__1__013__1_-_IT_1,40.0344787098863,-3.58241559497041,14000016,51.923878625206
9__1__013__1_-_IT_1,40.0344767234679,-3.58233649818812,14000017,52.124129926866
9__1__013__1_-_IT_1,40.0344747214119,-3.58226050263296,14000018,52.330868926612
9__1__013__1_-_IT_1,40.0344775415537,-3.58217369334089,14000019,52.545021050107
9__1__013__1_-_IT_1,40.0344815379737,-3.5820899965701,14000020,52.766327890878
9__1__013__1_-_IT_1,40.0344902855741,-3.58200944036179,14000021,52.994575975675
9__1__013__1_-_IT_1,40.0345002406215,-3.5819257930385,14000022,53.230045824615
9__1__013__1_-_IT_1,40.0345124713628,-3.58186387336034,14000023,53.470970251256
9__1__013__1_-_IT_1,40.0345381115382,-3.58174517303234,14000024,53.722414373221
9__1__013__1_-_IT_1,40.0345793851516,-3.58159308939734,14000025,53.987619110789
9__1__013__1_-_IT_1,40.0347721801536,-3.58093882854708,14000026,54.312605956314
9__1__013__1_-_IT_1,40.0351511048343,-3.5795309984863,14000027,54.764857685623
9__1__013__1_-_IT_1,40.0352040172565,-3.57937164279177,14000028,55.231919631424
9__1__013__1_-_IT_1,40.035238175717,-3.57930188332559,14000029,55.706038358961
9__1__013__1_-_IT_1,40.0352835703812,-3.57923873458984,14000030,56.187533721755
9__1__013__1_-_IT_1,40.0353375835766,-3.57920498245232,14000031,56.675679978297
9__1__013__1_-_IT_1,40.0354129074323,-3.57916652284825,14000032,57.172807612704
9__1__013__1_-_IT_1,40.0356525564372,-3.5790708065338,14000033,57.697760248545
9__1__013__1_-_IT_1,40.0357956016618,-3.5790117415981,14000034,58.239370608798
9__1__013__1_-_IT_1,40.0357948874227,-3.57901097485504,15000001,58.239370608798
9__1__013__1_-_IT_1,40.0363190232072,-3.57881255993436,15000002,58.299959540421
9__1__013__1_-_IT_1,40.0369619491562,-3.57854198839397,15000003,58.435550386545
9__1__013__1_-_IT_1,40.0373631249015,-3.57836428161403,15000004,58.618179768568
9__1__013__1_-_IT_1,40.0377052647124,-3.57820838482836,15000005,58.841046495625
9__1__013__1_-_IT_1,40.0377243532347,-3.57820482448316,15000006,59.066053602353
9__1__013__1_-_IT_1,40.0377452986047,-3.57821120322619,15000007,59.293448370637
9__1__013__1_-_IT_1,40.0377604735489,-3.57822745898814,15000008,59.523024965151
9__1__013__1_-_IT_1,40.0377756060599,-3.57825239767702,15000009,59.755312283268
9__1__013__1_-_IT_1,40.0377850167751,-3.57827728687183,15000010,59.989966032126
9__1__013__1_-_IT_1,40.0377943655691,-3.57831458157638,15000011,60.2279665143
9__1__013__1_-_IT_1,40.0378026682926,-3.57837047532269,15000012,60.470823812561
9__1__013__1_-_IT_1,40.0378089903086,-3.57844123981551,15000013,60.719759037735
9__1__013__1_-_IT_1,40.0378192993645,-3.57849931081477,15000014,60.973779019265
9__1__013__1_-_IT_1,40.0378323192353,-3.57854315960555,15000015,61.231809390877
9__1__013__1_-_IT_1,40.037845414336,-3.5785941322041,15000016,61.494424966032
9__1__013__1_-_IT_1,40.0378518716046,-3.57863760556249,15000017,61.760818090959
9__1__013__1_-_IT_1,40.0378518716046,-3.57863760556249,16000001,61.760818090959
9__1__013__1_-_IT_1,40.0378488067246,-3.57867851699592,16000002,61.764324993082
9__1__013__1_-_IT_1,40.0378399589807,-3.57873178440129,16000003,61.772481307737
9__1__013__1_-_IT_1,40.0378359346911,-3.5787739278465,16000004,61.784260735112
9__1__013__1_-_IT_1,40.0378375383245,-3.57883472792151,16000005,61.801230381721
9__1__013__1_-_IT_1,40.0378662122011,-3.57915824942086,16000006,61.845984186478
9__1__013__1_-_IT_1,40.0378847927095,-3.57939291644062,16000007,61.910864568254
9__1__013__1_-_IT_1,40.0379021304315,-3.57962918008244,16000008,61.9959934509
9__1__013__1_-_IT_1,40.0379122531502,-3.57982683185217,16000009,62.098022394311
9__1__013__1_-_IT_1,40.037922303163,-3.58003894037632,16000010,62.21818173329
9__1__013__1_-_IT_1,40.0379254279145,-3.58015461598529,16000011,62.348216033139
9__1__013__1_-_IT_1,40.0379225965596,-3.58022687269557,16000012,62.484422921833
9__1__013__1_-_IT_1,40.0379226347755,-3.58028832773571,16000013,62.62587285115
9__1__013__1_-_IT_1,40.0379180949733,-3.58034478107781,16000014,62.772165386841
9__1__013__1_-_IT_1,40.037909353746,-3.58039012079269,16000015,62.922445904524
9__1__013__1_-_IT_1,40.0378947083408,-3.58042433478372,16000016,63.076067501747
9__1__013__1_-_IT_1,40.0378715658018,-3.58045515366621,16000017,63.233364893885
9__1__013__1_-_IT_1,40.0378416686291,-3.58047483843649,16000018,63.394381465471
9__1__013__1_-_IT_1,40.0378088986344,-3.58048563855317,16000019,63.559150213417
9__1__013__1_-_IT_1,40.0377525069155,-3.58049737534126,16000020,63.730257709556
9__1__013__1_-_IT_1,40.037457025552,-3.58052929330137,16000021,63.934274805285
9__1__013__1_-_IT_1,40.0373553926644,-3.58054175636446,16000022,64.149622572508
9__1__013__1_-_IT_1,40.0368057169387,-3.58060229613216,16000023,64.426199441469
9__1__013__1_-_IT_1,40.0362332231489,-3.58066771087745,16000024,64.766564458683
9__1__013__1_-_IT_1,40.0362063526304,-3.58067330255686,16000025,65.109949863412
9__1__013__1_-_IT_1,40.0361803823166,-3.58068228226537,16000026,65.45631789689
9__1__013__1_-_IT_1,40.0361581696991,-3.5806976010228,16000027,65.80547639388
9__1__013__1_-_IT_1,40.0361384881064,-3.58071737185522,16000028,66.157394873343
9__1__013__1_-_IT_1,40.0361108062254,-3.58073995940085,16000029,66.512940222865
9__1__013__1_-_IT_1,40.0360804223746,-3.58075121539719,16000030,66.871992072423
9__1__013__1_-_IT_1,40.0360493102865,-3.58074832124463,16000031,67.234506002049
9__1__013__1_-_IT_1,40.0360183449042,-3.58073628933065,16000032,67.600606935685
9__1__013__1_-_IT_1,40.0359922536595,-3.5807222979663,16000033,67.969840221269
9__1__013__1_-_IT_1,40.0359698703023,-3.58072116806459,16000034,68.341559800691
9__1__013__1_-_IT_1,40.0359366903987,-3.5807200907546,16000035,68.716963305912
9__1__013__1_-_IT_1,40.0358940908939,-3.58072368647855,16000036,69.097105053444
9__1__013__1_-_IT_1,40.0358419890968,-3.58073101683253,16000037,69.483063520932
9__1__013__1_-_IT_1,40.0358010100516,-3.58073289038879,16000038,69.873573235233
9__1__013__1_-_IT_1,40.0358010100516,-3.58073289038879,17000001,69.873573235233
9__1__013__1_-_IT_1,40.0349443379626,-3.58082179352266,17000002,69.968960967954
9__1__013__1_-_IT_1,40.0349145877105,-3.58082419594289,17000003,70.067657162967
9__1__013__1_-_IT_1,40.0348895141798,-3.58082681736752,17000004,70.169145348218
9__1__013__1_-_IT_1,40.0348666276209,-3.58083260911753,17000005,70.273221425175
9__1__013__1_-_IT_1,40.0348390624735,-3.58084969770777,17000006,70.38068670387
9__1__013__1_-_IT_1,40.0348177787605,-3.58088549820529,17000007,70.492013395492
9__1__013__1_-_IT_1,40.0347971735837,-3.58095631733975,17000008,70.609800656343
9__1__013__1_-_IT_1,40.0345808664849,-3.58177935474162,17000009,70.80179966745
9__1__013__1_-_IT_1,40.0345702650519,-3.58183780253621,17000010,70.998922348853
9__1__013__1_-_IT_1,40.0345582504681,-3.5819040456173,17000011,71.201852034623
9__1__013__1_-_IT_1,40.0345483883864,-3.58195842311681,17000012,71.409548553382
9__1__013__1_-_IT_1,40.0345372762759,-3.58201968891489,17000013,71.62261576601
9__1__013__1_-_IT_1,40.0345251642767,-3.5820864714385,17000014,71.841537263622
9__1__013__1_-_IT_1,40.034513618823,-3.58215220269999,17000015,72.066211454168
9__1__013__1_-_IT_1,40.0345087060581,-3.58222191685242,17000016,72.296858550449
9__1__013__1_-_IT_1,40.0345048749412,-3.5822974420524,17000017,72.5339634202301
9__1__013__1_-_IT_1,40.0345082519694,-3.582371620873,17000018,72.7774082658881
9__1__013__1_-_IT_1,40.0345861963607,-3.5833891328424,17000019,73.1080964962041
9__1__013__1_-_IT_1,40.0345922140757,-3.58345226739404,17000020,73.4442125705351
9__1__013__1_-_IT_1,40.0346021294332,-3.58351216268807,17000021,73.7855560289551
9__1__013__1_-_IT_1,40.0346181159534,-3.58354995833296,17000022,74.1305801380301
9__1__013__1_-_IT_1,40.03464433572,-3.58358451833236,17000023,74.4797471857371
9__1__013__1_-_IT_1,40.0346688741352,-3.58361463350549,17000024,74.832658555066
9__1__013__1_-_IT_1,40.0346891286641,-3.58365025033401,17000025,75.189349924393
9__1__013__1_-_IT_1,40.0347016594227,-3.58369798410185,17000026,75.55034484177
9__1__013__1_-_IT_1,40.0347047692104,-3.58375671504202,17000027,75.916362503044
9__1__013__1_-_IT_1,40.0346985752061,-3.58380318271596,17000028,76.286403911731
9__1__013__1_-_IT_1,40.0346847243714,-3.58384847745642,17000029,76.660604394143
9__1__013__1_-_IT_1,40.0346666278027,-3.58389151953745,17000030,77.038990615846
9__1__013__1_-_IT_1,40.0346451098604,-3.58393785647665,17000031,77.421995700479
9__1__013__1_-_IT_1,40.0346355270222,-3.58398097229941,17000032,77.808830076234
9__1__013__1_-_IT_1,40.0346318368164,-3.58403742992948,17000033,78.200498752792
9__1__013__1_-_IT_1,40.0346758112769,-3.58466663778725,17000034,78.646072336168
9__1__013__1_-_IT_1,40.0346758112769,-3.58466663778725,18000001,78.646072336168
9__1__013__1_-_IT_1,40.0347707813561,-3.58597880622804,18000002,78.758520488652
9__1__013__1_-_IT_1,40.0348917590225,-3.58765921115165,18000003,79.014966459828
9__1__013__1_-_IT_1,40.034905805238,-3.58783556153183,18000004,79.2865390040481
9__1__013__1_-_IT_1,40.0349123502022,-3.58791984596118,18000005,79.5653392003361
9__1__013__1_-_IT_1,40.0349219755432,-3.58798601393285,18000006,79.8498849732361
9__1__013__1_-_IT_1,40.0349386379715,-3.58803928597357,18000007,80.1393377228221
9__1__013__1_-_IT_1,40.0349533807703,-3.58807828646984,18000008,80.4324985439351
9__1__013__1_-_IT_1,40.0349688571675,-3.58812807074733,18000009,80.7302411071681
9__1__013__1_-_IT_1,40.0349768510103,-3.58816401155171,18000010,81.0311758822511
9__1__013__1_-_IT_1,40.0349786127503,-3.5882093799439,18000011,81.3359863690841
9__1__013__1_-_IT_1,40.0349692687265,-3.58824276547509,18000012,81.6438282090691
9__1__013__1_-_IT_1,40.0349575025641,-3.58826734295035,18000013,81.9541404038181
9__1__013__1_-_IT_1,40.0349375745404,-3.58828624178798,18000014,82.2671898253471
9__1__013__1_-_IT_1,40.0349142481161,-3.58829501612068,18000015,82.5829344035121
9__1__013__1_-_IT_1,40.0348870622389,-3.58829982958059,18000016,82.9017242784531
9__1__013__1_-_IT_1,40.034856878184,-3.58830069191654,18000017,83.2238652201771
9__1__013__1_-_IT_1,40.0348288528922,-3.58830101253868,18000018,83.5491169307061
9__1__013__1_-_IT_1,40.0347995224792,-3.58830356534072,18000019,83.8776314284631
9__1__013__1_-_IT_1,40.0347764950827,-3.58830916349269,18000020,84.2087460815121
9__1__013__1_-_IT_1,40.0347582996921,-3.58831473752438,18000021,84.5419355579681
9__1__013__1_-_IT_1,40.0347378536591,-3.58832475321239,18000022,84.8775499814201
9__1__013__1_-_IT_1,40.0346187780782,-3.58841511350543,18000023,85.2284652990231
9__1__013__1_-_IT_1,40.0346187780782,-3.58841511350543,19000001,85.2284652990231
9__1__013__1_-_IT_1,40.0340256793186,-3.58887651168054,19000002,85.3051684512481
9__1__013__1_-_IT_1,40.0332337350305,-3.58949418666969,19000003,85.4843604561221
9__1__013__1_-_IT_1,40.0327612696838,-3.58986759927304,19000004,85.7249130072561
9__1__013__1_-_IT_1,40.0327612696838,-3.58986759927304,20000001,85.7249130072561
9__1__013__1_-_IT_1,40.0325310239685,-3.59004881199783,20000002,85.7547820796751
9__1__013__1_-_IT_1,40.0325022805686,-3.59007585332882,20000003,85.7885883599731
9__1__013__1_-_IT_1,40.0324782227471,-3.59011906136005,20000004,85.8269467118081
9__1__013__1_-_IT_1,40.0324645831165,-3.59017600307727,20000005,85.8703938532621
9__1__013__1_-_IT_1,40.0324566453861,-3.59023671637708,20000006,85.9190955603211
9__1__013__1_-_IT_1,40.0324290306256,-3.59060364504542,20000007,85.999254022444
9__1__013__1_-_IT_1,40.0323300877935,-3.59186802739376,20000008,86.1878497121671
9__1__013__1_-_IT_1,40.032279313728,-3.59247415700365,20000009,86.4284678364311
9__1__013__1_-_IT_1,40.0322781131951,-3.59252252314977,20000010,86.6732148164561
9__1__013__1_-_IT_1,40.0322798229249,-3.59256099186986,20000011,86.9212495129181
9__1__013__1_-_IT_1,40.0322929880101,-3.59259707732336,20000012,87.1726922600991
9__1__013__1_-_IT_1,40.0323100237955,-3.59262203364373,20000013,87.4269827158131
9__1__013__1_-_IT_1,40.0323380603309,-3.59264699963254,20000014,87.6850443045611
9__1__013__1_-_IT_1,40.0323673221,-3.59265841673547,20000015,87.9464967228151
9__1__013__1_-_IT_1,40.0324034394346,-3.59267527292674,20000016,88.2122081394431
9__1__013__1_-_IT_1,40.0324034394346,-3.59267527292674,21000001,88.2122081394431
9__1__013__1_-_IT_1,40.032537842444,-3.59276238452908,21000002,88.228875125914
9__1__013__1_-_IT_1,40.0325556151535,-3.59276832601702,21000003,88.2475788780661
9__1__013__1_-_IT_1,40.0325862795875,-3.59276726354363,21000004,88.2696874158641
9__1__013__1_-_IT_1,40.032622394939,-3.59276601150325,21000005,88.2958059764901
9__1__013__1_-_IT_1,40.0328566094484,-3.59274644388627,21000006,88.3479745781391
9__1__013__1_-_IT_1,40.0329559400735,-3.59273430207096,21000007,88.4112168815411
9__1__013__1_-_IT_1,40.0333289547298,-3.59269783667715,21000008,88.5159784409771
9__1__013__1_-_IT_1,40.0338975366726,-3.59262862447716,21000009,88.6841250660421
9__1__013__1_-_IT_1,40.0339233868484,-3.59262235254664,21000010,88.8551903896181
9__1__013__1_-_IT_1,40.0339510942843,-3.59261142828128,21000011,89.0294692207881
9__1__013__1_-_IT_1,40.0339883507115,-3.59259810652755,21000012,89.2080366660211
9__1__013__1_-_IT_1,40.0340131596413,-3.59259459988792,21000013,89.3893739684351
9__1__013__1_-_IT_1,40.0340131596413,-3.59259459988792,22000001,89.3893739684351
9__1__013__1_-_IT_1,40.0340421842437,-3.59259196425706,22000002,89.3926033745251
9__1__013__1_-_IT_1,40.0340809691953,-3.59259440266676,22000003,89.4001427159741
9__1__013__1_-_IT_1,40.0341219028953,-3.59259826149188,22000004,89.4122373808201
9__1__013__1_-_IT_1,40.0341675831408,-3.59259537619621,22000005,89.4294082683031
9__1__013__1_-_IT_1,40.0344582997087,-3.59256438936871,22000006,89.4789551831941
9__1__013__1_-_IT_1,40.0350880482089,-3.59249726561246,22000007,89.5986348600181
9__1__013__1_-_IT_1,40.0351738257059,-3.59248509018371,22000008,89.7278918596461
9__1__013__1_-_IT_1,40.0351880675302,-3.59248697979201,22000009,89.8587378217441
9__1__013__1_-_IT_1,40.0352012800286,-3.59249106639341,22000010,89.9910911745191
9__1__013__1_-_IT_1,40.0352175128063,-3.59250180152433,22000011,90.1254657091381
9__1__013__1_-_IT_1,40.0352266156422,-3.59251335755022,22000012,90.2612519513231
9__1__013__1_-_IT_1,40.0352350053154,-3.59253152979894,22000013,90.3988467774531
9__1__013__1_-_IT_1,40.0352393426645,-3.5925461342558,22000014,90.5377774021941
9__1__013__1_-_IT_1,40.0352419736337,-3.59256249030775,22000015,90.6781337281461
9__1__013__1_-_IT_1,40.035259466416,-3.59280123895251,22000016,90.8389520504351
9__1__013__1_-_IT_1,40.035259466416,-3.59280123895251,23000001,90.8389520504351
9__1__013__1_-_IT_1,40.0354070040737,-3.59478232696704,23000002,91.0087667139691
9__1__013__1_-_IT_1,40.0354070040737,-3.59478232696704,24000001,91.0087667139691
9__1__013__1_-_IT_1,40.0354966181677,-3.59601506251072,24000002,91.1144108481481
9__1__013__1_-_IT_1,40.0355938119514,-3.59739331340405,24000003,91.3381386133781
9__1__013__1_-_IT_1,40.0356041713201,-3.59748783608316,24000004,91.5700124315641
9__1__013__1_-_IT_1,40.0356097928455,-3.59753021593108,24000005,91.8055554588591
9__1__013__1_-_IT_1,40.0356254655161,-3.59756508706306,24000006,92.0445448726411
9__1__013__1_-_IT_1,40.0356462052965,-3.5975880621398,24000007,92.2865577854071
9__1__013__1_-_IT_1,40.0356736191352,-3.59761109431592,24000008,92.5321928513941
9__1__013__1_-_IT_1,40.0357001996068,-3.59763412040802,24000009,92.7813724339431
9__1__013__1_-_IT_1,40.0357217512378,-3.59766144412431,24000010,93.0338921822511
9__1__013__1_-_IT_1,40.0357357553538,-3.59769630077669,24000011,93.2897675467551
9__1__013__1_-_IT_1,40.035740429615,-3.59773908269226,24000012,93.5493296628291
9__1__013__1_-_IT_1,40.0357379280368,-3.59777934755305,24000013,93.8123382956321
9__1__013__1_-_IT_1,40.0357262206271,-3.5978255004246,24000014,94.0794934706921
9__1__013__1_-_IT_1,40.0357098859294,-3.597858888416,24000015,94.3500252833851
9__1__013__1_-_IT_1,40.0356905795093,-3.5978815138901,24000016,94.6234412479631
9__1__013__1_-_IT_1,40.0356729359986,-3.59790523924982,24000017,94.8996736729771
9__1__013__1_-_IT_1,40.0356619506388,-3.59793227887365,24000018,95.1785154700311
9__1__013__1_-_IT_1,40.0356584063693,-3.59797240915794,24000019,95.4608036293881
9__1__013__1_-_IT_1,40.0356573424516,-3.59801690260545,24000020,95.746889717786
9__1__013__1_-_IT_1,40.0356790900806,-3.598485770985,24000021,96.073051484692
9__1__013__1_-_IT_1,40.0356790900806,-3.598485770985,25000001,96.073051484692
9__1__013__1_-_IT_1,40.0356889855712,-3.59862788350817,25000002,96.085225885723
9__1__013__1_-_IT_1,40.0357024219987,-3.59870629342202,25000003,96.1042542836791
9__1__013__1_-_IT_1,40.0357172160214,-3.59877339145863,25000004,96.1292381969361
9__1__013__1_-_IT_1,40.0357351015762,-3.59882804293817,25000005,96.1592898772301
9__1__013__1_-_IT_1,40.0357563651645,-3.59887321581152,25000006,96.1938608503461
9__1__013__1_-_IT_1,40.0357664634267,-3.59891657506349,25000007,96.232297218316
9__1__013__1_-_IT_1,40.0357719433101,-3.59896586232644,25000008,96.274982432372
9__1__013__1_-_IT_1,40.0357682172953,-3.59902103745294,25000009,96.322393203497
9__1__013__1_-_IT_1,40.0357564476803,-3.59907912638959,25000010,96.374929281939
9__1__013__1_-_IT_1,40.035744693466,-3.59913423124066,25000011,96.4323444556881
9__1__013__1_-_IT_1,40.0357363644284,-3.5991923502499,25000012,96.4948036660451
9__1__013__1_-_IT_1,40.0357371100718,-3.59926994597447,25000013,96.5638837003271
9__1__013__1_-_IT_1,40.0357704632944,-3.5996954854465,25000014,96.6694581274361
9__1__013__1_-_IT_1,40.0357925421588,-3.60000757487035,25000015,96.8017718983691
9__1__013__1_-_IT_1,40.0358002262785,-3.60013479198456,25000016,96.9449730202381
9__1__013__1_-_IT_1,40.0358770059671,-3.6011883317849,25000017,97.1784629477031
9__1__013__1_-_IT_1,40.0359021427383,-3.60150588881737,25000018,97.4391894091051
9__1__013__1_-_IT_1,40.0359037192164,-3.60153855781618,25000019,97.7027086029391
9__1__013__1_-_IT_1,40.0359014070219,-3.60156933601573,25000020,97.9688662347521
9__1__013__1_-_IT_1,40.0358962592865,-3.60159355709546,25000021,98.2371678900841
9__1__013__1_-_IT_1,40.0358860713153,-3.60162146589617,25000022,98.5081055355101
9__1__013__1_-_IT_1,40.0358701735173,-3.60164372531588,25000023,98.7816355493311
9__1__013__1_-_IT_1,40.0358543281207,-3.60165571863038,25000024,99.0572003199561
9__1__013__1_-_IT_1,40.0358360195484,-3.6016600645141,25000025,99.3348307905621
9__1__013__1_-_IT_1,40.0358212340543,-3.60166383185759,25000026,99.614133549856
9__1__013__1_-_IT_1,40.0355937287972,-3.6016916931962,25000027,99.918799778646
9__1__013__1_-_IT_1,40.0353288490636,-3.6017229637261,25000028,100.25298700614
9__1__013__1_-_IT_1,40.0350854712218,-3.60175815615758,25000029,100.614354190923
9__1__013__1_-_IT_1,40.0350560499334,-3.60175976354923,25000030,100.978989855138
9__1__013__1_-_IT_1,40.035025227393,-3.60175482650569,25000031,101.347072485385
9__1__013__1_-_IT_1,40.0350030383228,-3.60174529921622,25000032,101.717748653627
9__1__013__1_-_IT_1,40.0349844591698,-3.60173113635785,25000033,102.090814954386
9__1__013__1_-_IT_1,40.0349623621773,-3.60170387719417,25000034,102.467261262201
9__1__013__1_-_IT_1,40.0349389114819,-3.60166074061499,25000035,102.848215360893
9__1__013__1_-_IT_1,40.0349070229199,-3.60158486469849,25000036,103.236547531539
9__1__013__1_-_IT_1,40.0348688381437,-3.6014781354855,25000037,103.634923754152
9__1__013__1_-_IT_1,40.0348336292722,-3.6013508997258,25000038,104.044837619265
9__1__013__1_-_IT_1,40.0348336292722,-3.6013508997258,26000001,104.044837619265
9__1__013__1_-_IT_1,40.0348259511669,-3.6013097678535,26000002,104.048448950468
9__1__013__1_-_IT_1,40.0348218944246,-3.60126213569505,26000003,104.056149082709
