id,name,wikidata_id,population
01001,Alegría/Dulantzi,Q1330796,2925
01002,Amurrio,Q481760,10307
01004_AM,Artziniega,Q587131,3005
01009_AM,Asparrena,Q1368957,4599
01010,Ayala-Aiara,Q1368772,2951
01017_AM,Campezo/Kanpezu,Q1373973,4314
01028_AM,Labastida,Q1155351,7515
01036,Laudio/Llodio,Q676903,18009
01043,Oyón-Oion,Q581589,3418
01047_AM,Ribera Baja/Erribera Beitia,Q1445256,3771
01051,Agurain/Salvatierra,Q398698,5029
01054_AM,Urkabustaiz,Q1445218,2636
01058_AM,Legutio,Q1611490,4466
01059,Vitoria-Gasteiz,Q14318,253093
01063_AM,Zuia,Q228613,4120
01901,Iruña de Oca/Iruña Oka,Q1382293,3468
02003,Albacete,Q15095,172722
02008_AM,Alcaraz,Q559140,4946
02009,Almansa,Q13930,24388
02010_AM,Alpera,Q559144,5058
02012_AM,Balazote,Q574364,5804
02019_AM,El Bonillo,Q54883,4959
02021_AM,Casas de Juan Núñez,Q574366,5457
02024_AM,Casas-Ibáñez,Q575715,5318
02025,Caudete,Q1606055,10077
02029,Chinchilla de Montearagón,Q575893,4344
02030,Elche de la Sierra,Q575812,3557
02033_AM,Fuente-Álamo,Q599774,8111
02034_AM,Fuentealbilla,Q389171,4405
02035_AM,La Gineta,Q1614683,4403
02037,Hellín,Q842652,30427
02045,Madrigueras,Q582891,4654
02053,Munera,Q941956,3433
02063_AM,Pozohondo,Q1623146,5239
02067_AM,Riópar,Q605263,4884
02069,La Roda,Q630706,15401
02072_AM,Socovos,Q652654,3501
02073_AM,Tarazona de la Mancha,Q611263,7265
02074,Tobarra,Q1622986,7691
02075_AM,Valdeganga,Q54877,3932
02079,Villamalea,Q609894,4040
02081,Villarrobledo,Q82030,24978
02086_AM,Yeste,Q618586,4673
02901,Pozo Cañada,Q605265,2797
03002_AM,Agost,Q1228383,6597
03005_AM,Albatera,Q618585,14860
03006_AM,Alcalalí,Q619496,2824
03009,Alcoy,Q494777,59128
03011,l'Alfàs del Pi,Q619126,20495
03012,Algorfa,Q954749,3396
03013_AM,Algueña,Q620867,2633
03014,Alicante/Alacant,Q1752098,337304
03015,Almoradí,Q620600,24343
03018,Altea,Q436491,22657
03019,Aspe,Q1770153,21088
03021,Banyeres de Mariola,Q621626,7113
03023_AM,Beneixama,Q621622,3327
03024,Benejúzar,Q1752438,5453
03026_AM,Beniarbeig,Q1649859,5934
03028_AM,Beniarrés,Q621839,5524
03031,Benidorm,Q487981,69118
03034_AM,Benijófar,Q1650580,5787
03035_AM,Benilloba,Q1770091,5262
03041,Benissa,Q1649406,11462
03042,el Poble Nou de Benitatxell,Q817349,4447
03043,Biar,Q1763764,3628
03044_AM,Bigastro,Q1763754,9024
03046,Busot,Q1749271,3207
03047,Calpe,Q671272,23530
03049,Callosa de Segura,Q1750915,19273
03050,El Campello,Q842224,29013
03053,Castalla,Q1646122,10752
03055,Catral,Q1752447,8880
03056,Cocentaina,Q1231003,11451
03058,Cox,Q1640230,7427
03059,Crevillent,Q1616611,29717
03063,Dénia,Q646725,42953
03064,Dolores,Q782158,7620
03065,Elche,Q10509,234205
03066,Elda,Q608985,52551
03069,Finestrat,Q1646107,7402
03070,Formentera del Segura,Q1768790,4337
03071,Gata de Gorgos,Q376236,6223
03074_AM,Granja de Rocamora,Q1769353,4567
03076,Guardamar del Segura,Q927965,15983
03077,"Fondó de les Neus, el/Hondón de las Nieves",Q1768905,2634
03079,Ibi,Q530567,23652
03081,Jalón,Q1752098,2892
03082,Jávea/Xàbia,Q851020,27983
03083,Xixona,Q747527,6861
03088,Monforte del Cid,Q1769358,8500
03089,Monòver,Q1645615,12188
03090,Mutxamel,Q1631458,25679
03092_AM,Muro de Alcoy,Q1768714,10812
03093,Novelda,Q983473,25611
03094,La Nucia,Q984403,18108
03095,Ondara,Q290824,7080
03096,Onil,Q587785,7569
03097_AM,Orba,Q983550,6159
03099,Orihuela,Q487786,78940
03101,Pedreguer,Q1750923,8006
03102,Pego,Q102835,10240
03104,Petrer,Q1751353,34009
03105,El Pinós,Q1751965,8142
03107,Polop,Q1768847,5069
03109,Rafal,Q1751454,4597
03111,Redován,Q1768833,8058
03112_AM,Relleu,Q1751262,3009
03113,Rojales,Q606240,15978
03114,La Romana,Q1752019,2542
03118,San Fulgencio,Q2074405,8447
03119,Sant Joan d'Alacant,Q740204,24363
03120,San Miguel de Salinas,Q984531,6553
03121,Santa Pola,Q257707,34148
03122,San Vicente del Raspeig,Q491667,58912
03123_AM,Sax,Q1553513,11577
03128,Teulada,Q521633,11466
03133,Torrevieja,Q221749,82842
03138,El Verger,Q1751998,4841
03139,La Vila Joiosa,Q935589,34684
03140,Villena,Q502249,34025
03901,Els Poblets,Q987444,2721
03902,Pilar de la Horadada,Q956513,22597
03903,Los Montesinos,Q1983327,2184
04003,Adra,Q49562,25501
04006,Albox,Q1404671,12070
04011_AM,Alhama de Almería,Q583010,5309
04013,Almería,Q10400,200753
04016,Antas,Q1444119,3355
04017_AM,Arboleas,Q1157985,8576
04024,Benahadux,Q1157968,4526
04029,Berja,Q491929,12708
04031,Cantoria,Q1358268,3547
04032,Carboneras,Q1110337,8183
04035,Cuevas del Almanzora,Q1048762,14623
04038,Dalías,Q1110389,4102
04044_AM,Fines,Q668962,4519
04045_AM,Fiñana,Q1157964,5568
04047_AM,Gádor,Q940842,4973
04048_AM,Los Gallardos,Q1407152,5466
04049,Garrucha,Q1407478,9875
04050_AM,Gérgal,Q1358171,5350
04052,Huércal de Almería,Q5277,17974
04053,Huércal-Overa,Q1372614,19744
04057_AM,Laujar de Andarax,Q695536,6119
04062_AM,Macael,Q1161455,6223
04064,Mojácar,Q496968,7257
04066,Níjar,Q1110355,31458
04069,Olula del Río,Q1358205,6258
04070_AM,Oria,Q1444097,5749
04074,Pechina,Q1447741,4143
04075,Pulpí,Q1157960,10342
04079,Roquetas de Mar,Q499184,98725
04083_AM,Serón,Q833410,3049
04086_AM,Sorbas,Q842658,3871
04088_AM,Tabernas,Q1444062,6066
04092,Tíjola,Q284894,3528
04093,Turre,Q1358302,3892
04098_AM,Vélez-Blanco,Q576710,4682
04099,Vélez-Rubio,Q1110343,6521
04100,Vera,Q818675,17700
04101,Viator,Q1444040,6039
04102,Vícar,Q1110397,27398
04902,El Ejido,Q493933,84005
04903,La Mojonera,Q1407170,9086
04904,Balanegra,Q5717072,2959
05002_AM,La Adrada,Q1606366,4893
05013_AM,El Arenal,Q1632614,4665
05014_AM,Arenas de San Pedro,Q641669,6862
05016,Arévalo,Q476793,7881
05019,Ávila,Q15688,57949
05021_AM,El Barco de Ávila,Q1381880,4814
05047,Candeleda,Q1442696,5049
05054_AM,Casavieja,Q1445437,5123
05057,Cebreros,Q642073,3246
05102_AM,El Hoyo de Pinares,Q1606989,4476
05114_AM,Madrigal de las Altas Torres,Q1406727,5055
05163_AM,Navaluenga,Q1406656,6986
05168_AM,Las Navas del Marqués,Q1752883,5504
05186_AM,Piedrahíta,Q764491,4405
05204_AM,Sanchidrián,Q1630640,5016
05220_AM,San Pedro del Arroyo,Q1630369,5246
05238_AM,Solosancho,Q1610933,5593
05240_AM,Sotillo de la Adrada,Q1609922,6227
05241_AM,El Tiemblo,Q842675,4772
05242_AM,Tiñosillos,Q1610960,4659
06002,Aceuchal,Q616785,5467
06005_AM,La Albuera,Q144268,6889
06006,Alburquerque,Q493370,5245
06011,Almendralejo,Q490638,33741
06012_AM,Arroyo de San Serván,Q1113385,6330
06014,Azuaga,Q1368982,7702
06015,Badajoz,Q15679,150610
06016_AM,Barcarrota,Q534483,5190
06019_AM,Berlanga,Q26608,7780
06020_AM,Bienvenida,Q535145,3848
06022,Burguillos del Cerro,Q1100437,3076
06023,Cabeza del Buey,Q1100433,4732
06025,Calamonte,Q1020436,6152
06028,Campanario,Q1605982,4823
06033_AM,Casas de Don Pedro,Q1100425,3718
06036_AM,Castuera,Q515016,8133
06039_AM,La Coronada,Q1447677,3892
06044_AM,Don Benito,Q636120,39214
06050,Fregenal de la Sierra,Q1613587,4811
06051_AM,Fuenlabrada de los Montes,Q936003,3726
06052_AM,Fuente de Cantos,Q1093159,5405
06054,Fuente del Maestre,Q1407463,6704
06055_AM,Fuentes de León,Q1098694,6322
06058_AM,La Garrovilla,Q587063,4793
06059_AM,Granja de Torrehermosa,Q1372757,2806
06060_AM,Guareña,Q1098716,9251
06063,Herrera del Duque,Q1407162,3465
06066_AM,Higuera de Vargas,Q929743,5430
06067_AM,Higuera la Real,Q953685,3219
06069_AM,Hornachos,Q1446441,5240
06070_AM,Jerez de los Caballeros,Q1153945,10658
06072,Lobón,Q1098700,2760
06074_AM,Llerena,Q686184,7348
06080_AM,Medellín,Q668384,3906
06083,Mérida,Q14323,59424
06085_AM,Monesterio,Q733580,6297
06087_AM,Monterrubio de la Serena,Q587935,3120
06088,Montijo,Q1387091,15483
06091,Navalvillar de Pela,Q649045,4392
06093_AM,Oliva de la Frontera,Q947183,5798
06094_AM,Oliva de Mérida,Q941458,5653
06095,Olivenza,Q488052,11871
06097_AM,Orellana la Vieja,Q1446374,3702
06103,Puebla de la Calzada,Q1387062,5861
06108,Puebla de Sancho Pérez,Q678613,2665
06109,Quintana de la Serena,Q1387040,4576
06113_AM,Ribera del Fresno,Q1442520,5587
06117_AM,Salvatierra de los Barros,Q1443754,4721
06120,Santa Amalia,Q1407143,3957
06121,Santa Marta,Q1629459,4094
06122,Los Santos de Maimona,Q1372555,8064
06123_AM,San Vicente de Alcántara,Q1442479,7389
06125_AM,Siruela,Q1372816,5009
06126_AM,Solana de los Barros,Q1442582,4047
06127,Talarrubias,Q669707,3355
06128,Talavera la Real,Q1387075,5311
06135_AM,Trujillanos,Q2572293,3209
06141_AM,Valencia del Ventoso,Q1630828,4681
06143,Valverde de Leganés,Q1630843,4157
06149,Villafranca de los Barros,Q613908,12534
06153,Villanueva de la Serena,Q695380,25837
06154,Villanueva del Fresno,Q1628563,3335
06155_AM,Villar del Rey,Q1615783,7727
06158,Zafra,Q140203,16786
06159,Zahínos,Q1641406,2780
06160_AM,Zalamea de la Serena,Q1613344,5570
06162,"Zarza, La",Q1605997,3380
06901,Valdelacalzada,Q1246417,2731
06903_AM,Guadiana,Q3822025,4454
07001,Alaró,Q850939,5741
07002,Alaior,Q847324,9477
07003,Alcúdia,Q385923,20651
07004,Algaida,Q851011,5963
07005,Andratx,Q493017,11571
07006,ArtÍ,Q220659,7984
07008,Binissalem,Q837121,8895
07010,Bunyola,Q837125,7037
07012_AM,Campanet,Q850989,3768
07013,Campos,Q743716,11425
07014,Capdepera,Q920971,12003
07015,Ciutadella de Menorca,Q899884,30638
07016,Consell,Q950889,4243
07020,Esporles,Q847321,5134
07022,Felanitx,Q743741,18164
07023_AM,Ferreries,Q983461,6392
07024,Formentera,Q52626,11708
07026,Ibiza,Q473914,50643
07027,Inca,Q988688,33726
07028_AM,Lloret de Vistalegre,Q988714,2844
07029,Lloseta,Q847317,6250
07030_AM,Llubí,Q185409,4627
07031,Llucmajor,Q927498,38224
07032,Maó,Q49550,29578
07033,Manacor,Q49567,44809
07036,Marratxí,Q950940,38357
07037,Es Mercadal,Q945653,5444
07038_AM,Montuïri,Q983467,5272
07039,Muro,Q595424,7515
07040,Palma,Q8826,419366
07041_AM,Petra,Q611123,3925
07042,Pollença,Q601112,16969
07043,Porreres,Q925773,5624
07044,Sa Pobla,Q984493,13873
07045_AM,Puigpunyent,Q983625,5641
07046,Sant Antoni de Portmany,Q734805,27205
07047_AM,Sencelles,Q987394,5266
07048,Sant Josep de sa Talaia,Q983635,28299
07050,Sant Joan de Labritja,Q983628,6635
07051,Sant Llorenç des Cardassar,Q983463,8920
07052,Sant Lluís,Q984499,6877
07054,Santa Eulària des Riu,Q983465,40038
07055,Santa Margalida,Q984491,12767
07056,Santa Maria del Camí,Q943948,7507
07057,Santanyí,Q983633,12342
07058_AM,Selva,Q984496,6558
07059,Ses Salines,Q783498,5010
07060,Sineu,Q943922,4122
07061,Sóller,Q832991,13491
07062,Son Servera,Q610838,11835
07064,Es Castell,Q941533,7530
07065,Vilafranca de Bonany,Q975679,3558
08001,Abrera,Q15593,12620
08003,Alella,Q12034,9954
08006,Arenys de Mar,Q12110,15942
08007,Arenys de Munt,Q12101,9191
08009,Argentona,Q11539,12629
08010_AM,Artés,Q16677,8068
08014,Aiguafreda,Q15389,2556
08015,Badalona,Q15468,223006
08018_AM,Balsareny,Q16679,4698
08019,Barcelona,Q1492,1636732
08020,Begues,Q15596,7356
08022,Berga,Q15487,16682
08023,Bigues i Riells del Fai,Q15398,9542
08029,Cabrera de Mar,Q12824,4787
08030,Cabrils,Q12083,7567
08031,Calaf,Q15940,3597
08032,Caldes d'Estrac,Q12102,3097
08033,Caldes de Montbui,Q15400,17797
08034_AM,Calders,Q16680,3913
08035,Calella,Q12540,19236
08037_AM,Calldetenes,Q13774,4773
08038_AM,Callús,Q16682,3593
08040,Canet de Mar,Q12114,14810
08041,Canovelles,Q15402,16872
08042,Cànoves i Samalús,Q15403,3219
08043,Canyelles,Q15559,4886
08044_AM,Capellades,Q15942,6689
08046,Cardedeu,Q15406,18609
08047_AM,Cardona,Q16683,5207
08051,Castellar del Vallès,Q13918,24659
08053,Castellbell i el Vilar,Q16684,3853
08054,Castellbisbal,Q13921,12610
08056,Castelldefels,Q15597,67226
08064,Castellterçol,Q15408,2632
08067,Centelles,Q13773,7595
08068,Cervelló,Q15599,9233
08069,Collbató,Q15600,4655
08072,Corbera de Llobregat,Q15601,15017
08073,Cornellà de Llobregat,Q15602,89300
08074,Cubelles,Q15558,16051
08075,Dosrius,Q11968,5685
08076,Esparreguera,Q15620,22358
08077,Esplugues de Llobregat,Q15621,46777
08085_AM,Font-rubí,Q984398,5039
08086,Les Franqueses del Vallès,Q15412,20351
08088,La Garriga,Q15415,16733
08091_AM,Gelida,Q763729,9719
08092,Gironella,Q15509,4916
08094_AM,"Granada, La",Q1228808,5290
08096,Granollers,Q15420,62475
08097_AM,Gualba,Q15421,3229
08098_AM,Sant Salvador de Guardiola,Q16733,5422
08100,Gurb,Q13783,2705
08101,L'Hospitalet de Llobregat,Q15470,264657
08102,Igualada,Q15950,40875
08105,La Llagosta,Q15422,13259
08106,Llinars del Vallès,Q15423,10116
08107,Lliçà d'Amunt,Q15425,15673
08108,Lliçà de Vall,Q15428,6580
08110,Malgrat de Mar,Q12590,18950
08112,Manlleu,Q13804,20804
08113,Manresa,Q16697,78192
08114,Martorell,Q15623,28667
08115_AM,Martorelles,Q15429,5705
08117,Les Masies de Voltregà,Q13801,3178
08118,El Masnou,Q12039,23848
08119,Masquefa,Q15954,9623
08120,Matadepera,Q13929,9672
08121,Mataró,Q11492,129120
08122_AM,Mediona,Q686790,6307
08123,Molins de Rei,Q15624,26104
08124,Mollet del Vallès,Q15430,51151
08125,Montcada i Reixac,Q13927,36794
08126,Montgat,Q12022,12260
08127_AM,Monistrol de Montserrat,Q16704,3449
08135,Montmeló,Q15431,8798
08136,Montornès del Vallès,Q15433,16804
08138,MoiÍ,Q43619,6474
08140,Navarcles,Q16723,6068
08141,Navàs,Q16724,5973
08143,Òdena,Q15957,3681
08145_AM,Olèrdola,Q1228441,6299
08147,Olesa de Montserrat,Q15626,24132
08148,Olivella,Q15557,4127
08149_AM,Olost,Q13798,3125
08155,Palafolls,Q12595,9646
08156,Palau-solità i Plegamans,Q13926,14917
08158,El Papiol,Q15631,4232
08159,Parets del Vallès,Q15437,18907
08161,Piera,Q15959,16411
08162_AM,Els Hostalets de Pierola,Q15949,5241
08163,Pineda de Mar,Q12552,27974
08167,PolinyÍ,Q984585,8494
08169,El Prat de Llobregat,Q15619,65532
08170_AM,Els Prats de Rei,Q15961,4015
08171,Prats de Lluçanès,Q13814,2634
08172,Premià de Mar,Q12046,28523
08175_AM,Puig-reig,Q15534,5822
08180,Ripollet,Q13933,39139
08181,La Roca del Vallès,Q15439,10676
08182,El Pont de Vilomara i Rocafort,Q16726,4016
08183,Roda de Ter,Q13815,6449
08184,Rubí,Q13934,78549
08187,Sabadell,Q12258,216204
08191,Sallent,Q16728,6717
08192,Santpedor,Q16736,7566
08194,Sant Adrià de Besòs,Q15471,37283
08196,Sant Andreu de la Barca,Q15634,27175
08197,Sant Andreu de Llavaneres,Q12093,11150
08198,Sant Antoni de Vilamajor,Q15440,6383
08200,Sant Boi de Llobregat,Q15635,83755
08202,Sant Celoni,Q15441,18176
08203,Sant Cebrià de Vallalta,Q12520,3570
08204,Sant Climent de Llobregat,Q15636,4193
08205,Sant Cugat del Vallès,Q13936,94012
08207,Sant Esteve de Palautordera,Q15442,2997
08208_AM,Sant Esteve Sesrovires,Q15638,10230
08209,Sant Fost de Campsentelles,Q15445,8997
08210,Sant Feliu de Codines,Q15444,6406
08211,Sant Feliu de Llobregat,Q15639,45463
08213,Sant Fruitós de Bages,Q16730,8936
08214,Vilassar de Dalt,Q12075,9074
08217,Sant Joan Despí,Q15640,34130
08218,Sant Joan de Vilatorrada,Q16731,10871
08219,Vilassar de Mar,Q12071,20936
08220_AM,Sant Julià de Vilatorta,Q13821,5411
08221,Sant Just Desvern,Q15641,19379
08223,Sant Llorenç Savall,Q13937,2514
08224_AM,Sant Martí de Centelles,Q13823,2638
08226_AM,Sant Martí de Tous,Q15966,2916
08227_AM,Sant Martí Sarroca,Q593512,4883
08230,Premià de Dalt,Q12049,10419
08231,Sant Pere de Ribes,Q15555,31525
08232_AM,Sant Pere de Riudebitlles,Q633095,5146
08233_AM,Sant Pere de Torelló,Q13828,6518
08234,Sant Pere de Vilamajor,Q15450,4671
08235,Sant Pol de Mar,Q12534,5538
08237_AM,Sant Quirze de Besora,Q13830,5770
08238,Sant Quirze del Vallès,Q13935,20156
08240,Sant Sadurní d'Anoia,Q984508,12840
08244,Santa Coloma de Cervelló,Q15632,8273
08245,Santa Coloma de Gramenet,Q15473,119289
08247_AM,Santa Eulàlia de Riuprimer,Q13836,2579
08248,Santa Eulàlia de Ronçana,Q15454,7538
08250,Santa Margarida de Montbui,Q15968,10192
08251,Santa Margarida i els Monjos,Q660350,7664
08252,Barberà del Vallès,Q13916,33016
08258_AM,Santa Maria d'Oló,Q16735,2515
08259,Santa Maria de Palautordera,Q15456,9666
08260,Santa Perpètua de Mogoda,Q13941,26033
08261,Santa Susanna,Q12587,3650
08262_AM,Sant Vicenç de Castellet,Q16734,10736
08263,Sant Vicenç dels Horts,Q15649,28115
08264,Sant Vicenç de Montalt,Q12095,6523
08266,Cerdanyola del Vallès,Q13922,57217
08267,Sentmenat,Q13943,9347
08268_AM,Cercs,Q15504,4886
08269,Seva,Q13839,3696
08270,Sitges,Q15551,30217
08273_AM,Subirats,Q782758,5072
08274,Súria,Q16737,5923
08278_AM,Taradell,Q13850,6963
08279,Terrassa,Q13939,223011
08281,TeiÍ,Q6097,6532
08282,Tiana,Q12026,9009
08283,Tona,Q13853,8368
08284_AM,Tordera,Q12596,19328
08285,Torelló,Q13854,14553
08286_AM,La Torre de Claramunt,Q15971,6059
08288_AM,Torrelles de Foix,Q984393,4841
08289,Torrelles de Llobregat,Q15650,6126
08291,Vacarisses,Q13945,7082
08294_AM,Vallgorguina,Q15458,5248
08295,Vallirana,Q15651,15438
08296_AM,Vallromanes,Q15460,3373
08298,Vic,Q13855,47319
08300_AM,Viladecavalls,Q13946,9717
08301,Viladecans,Q15652,66707
08302,Vilanova del Camí,Q15974,12736
08305,Vilafranca del Penedès,Q835012,39969
08307,Vilanova i la Geltrú,Q15553,67458
08902,Vilanova del Vallès,Q15463,5535
08904,Badia del Vallès,Q13913,13228
08905,La Palma de Cervelló,Q15630,3015
09018,Aranda de Duero,Q495380,33084
09048_AM,Belorado,Q536682,5319
09056,Briviesca,Q1391501,6465
09059,Burgos,Q9580,174051
09073_AM,Cardeñadijo,Q1607122,4711
09109_AM,Condado de Treviño,Q946251,1929
09124_AM,Espinosa de los Monteros,Q507149,2527
09141_AM,Fuentespina,Q1633201,6044
09174_AM,Huerta de Rey,Q1645211,5125
09177_AM,Ibeas de Juarros,Q1607309,3974
09194,Lerma,Q1614795,2609
09209_AM,Medina de Pomar,Q1614754,6747
09211_AM,Melgar de Fernamental,Q1643731,5401
09219,Miranda de Ebro,Q11994,35528
09238_AM,Oña,Q1609760,5369
09289_AM,Quintanar de la Sierra,Q920872,4762
09321_AM,Roa,Q430454,5393
09330_AM,Salas de los Infantes,Q378299,4897
09350_AM,Santa María del Campo,Q1641301,4874
09363_AM,Sasamón,Q1628353,4976
09390_AM,Torresandino,Q1630680,2804
09410,Valle de Mena,Q1614774,3987
09413_AM,Valle de Valdebezana,Q923993,4589
09434_AM,Villagonzalo Pedernales,Q607811,5550
09439_AM,Villalbilla de Burgos,Q526762,4769
09903,Villarcayo de Merindad de Castilla la Vieja,Q370934,4029
09907_AM,Alfoz de Quintanadueñas,Q1447986,6542
10004_AM,Acehúche,Q1613517,2712
10006_AM,Ahigal,Q930686,5047
10010_AM,Alcuéscar,Q1630122,5663
10014_AM,Aldeanueva de la Vera,Q1630535,4744
10019_AM,Almaraz,Q1632524,5074
10020_AM,Almoharín,Q1630552,5056
10021,Arroyo de la Luz,Q1630474,5663
10032_AM,Brozas,Q1630506,6491
10035_AM,Cabezuela del Valle,Q726538,5019
10037,Cáceres,Q15678,95418
10049_AM,Casar de Cáceres,Q578081,6471
10050_AM,Casar de Palomero,Q1630093,5009
10061_AM,Ceclavín,Q1632687,6061
10064_AM,Cilleros,Q1613475,6088
10067,Coria,Q142778,12330
10087_AM,Guadalupe,Q695504,4910
10089_AM,Guijo de Galisteo,Q1630130,5113
10096_AM,Hervás,Q1628817,5059
10104,Jaraíz de la Vera,Q368372,6499
10105_AM,Jarandilla de la Vera,Q1632660,5093
10109_AM,Logrosán,Q1632442,6065
10110,Losar de la Vera,Q1631182,2658
10113_AM,Madroñera,Q1613503,4757
10115,Malpartida de Cáceres,Q946208,4060
10116_AM,Malpartida de Plasencia,Q1643692,5178
10121,Miajadas,Q371790,9503
10127,Montehermoso,Q43713,5680
10128,Moraleja,Q1444329,6685
10131,Navalmoral de la Mata,Q965529,17010
10140_AM,Peraleda de la Mata,Q1643620,6270
10146_AM,Pinofranqueado,Q1611575,4932
10147_AM,Piornal,Q1613446,5226
10148,Plasencia,Q241767,39558
10175_AM,Serradilla,Q1628832,7010
10177_AM,Sierra de Fuentes,Q1628461,8209
10180_AM,Talayuela,Q1442461,9589
10184_AM,El Torno,Q1613406,4850
10186_AM,Torrecillas de la Tiesa,Q1628401,5133
10189,Torrejoncillo,Q521090,2894
10195_AM,Trujillo,Q324489,10258
10203,Valencia de Alcántara,Q1613421,5325
10205_AM,Valverde del Fresno,Q1441219,4806
10212_AM,Villanueva de la Vera,Q1629837,5414
10216_AM,Zarza de Granadilla,Q1613311,4968
11001,Alcalá de los Gazules,Q203042,5245
11002,Alcalá del Valle,Q1379651,5031
11004,Algeciras,Q484552,122982
11005_AM,Algodonales,Q818386,7235
11006,Arcos de la Frontera,Q637863,30902
11007,Barbate,Q13154,22761
11008,"Barrios, Los",Q26442,23983
11010,Bornos,Q1451570,7655
11011_AM,El Bosque,Q653914,5412
11012,Cádiz,Q15682,114244
11013,Castellar de la Frontera,Q1610266,3070
11014,Conil de la Frontera,Q832984,23182
11015,Chiclana de la Frontera,Q277302,86306
11016,Chipiona,Q741749,19368
11017,Espera,Q1448444,3845
11020,Jerez de la Frontera,Q12303,212801
11021,Jimena de la Frontera,Q916664,6665
11022,La Línea de la Concepción,Q13148,63365
11023,Medina Sidonia,Q642200,11813
11024_AM,Olvera,Q662224,8816
11025,Paterna de Rivera,Q1631804,5470
11026_AM,Prado del Rey,Q1448460,7046
11027,El Puerto de Santa María,Q203040,89060
11028,Puerto Real,Q846159,41771
11029,Puerto Serrano,Q1630881,6954
11030,Rota,Q15907,29326
11031,San Fernando,Q741765,94867
11032,Sanlúcar de Barrameda,Q210887,69507
11033,San Roque,Q846153,32178
11034,Setenil de las Bodegas,Q918623,2698
11035,Tarifa,Q222702,18466
11037,Trebujena,Q1610648,7042
11038,Ubrique,Q1092146,16482
11039,Vejer de la Frontera,Q827393,12572
11041,Villamartín,Q1442451,12125
11901,Benalup-Casas Viejas,Q1632577,7020
11902_AM,San José del Valle,Q1750939,5874
11903,San Martín del Tesorillo,Q6119362,2821
12004,Alcalà de Xivert,Q1635204,6691
12005,L'Alcora,Q1635385,10428
12009,Almassora,Q1373919,26878
12011_AM,Almenara,Q1917433,7237
12012_AM,Altura,Q1635901,6058
12016_AM,Artana,Q979628,5324
12021,Betxí,Q54948,5605
12027,Benicarló,Q817302,27658
12028,Benicàssim,Q636467,18991
12031,Borriol,Q978356,5552
12032,Borriana/Burriana,Q385070,34903
12033_AM,Cabanes,Q11257,5094
12034_AM,Càlig,Q1635720,5966
12040,Castelló de la Plana,Q15092,172589
12050_AM,Les Coves de Vinromà,Q1646761,4974
12053,Xilxes,Q1768727,2795
12072_AM,Lucena del Cid,Q601999,5736
12077,Moncofa,Q1635650,6958
12080_AM,Morella,Q732907,5497
12082,Nules,Q1768703,13256
12084,Onda,Q984821,24939
12085,Oropesa,Q1596349,9755
12089,Peniscola,Q845424,7882
12104,Segorbe,Q750968,9139
12106_AM,Soneja,Q1645719,5194
12117,Torreblanca,Q1635372,5606
12121_AM,Traiguera,Q1645728,5166
12124,Vall d'Alba,Q1646881,2943
12126,La Vall d'Uixó,Q1637512,31549
12128_AM,Vilafamés,Q1116829,3339
12129_AM,Vilafranca / Villafranca del Cid,Q537017,5881
12135,Villarreal,Q12292,51130
12136,La Vilavella,Q1768916,3111
12138,Vinaròs,Q917888,28862
12140_AM,Viver,Q47544,5293
12901,"Alqueries, les/Alquerías del Niño Perdido",Q1646869,4539
12902_AM,Sant Joan de Moró,Q627890,4546
13001_AM,Abenójar,Q1614505,4871
13005,Alcázar de San Juan,Q679269,30548
13009_AM,Aldea del Rey,Q579584,3255
13011,Almadén,Q465085,5105
13013,Almagro,Q752280,8896
13015,Almodóvar del Campo,Q1631896,5947
13019,Argamasilla de Alba,Q1632537,6844
13020_AM,Argamasilla de Calatrava,Q1631995,6279
13023,Bolaños de Calatrava,Q1613546,11992
13027,Calzada de Calatrava,Q921414,3615
13028_AM,Campo de Criptana,Q681080,13801
13031,Carrión de Calatrava,Q1614497,3086
13033_AM,Castellar de Santiago,Q1644848,4860
13034,Ciudad Real,Q15093,75104
13038_AM,Chillón,Q1631224,4774
13039,Daimiel,Q1631261,17771
13042_AM,Fuencaliente,Q434019,4183
13044_AM,Fuente el Fresno,Q1642113,4017
13047,Herencia,Q1632508,8510
13052,Malagón,Q1613270,7842
13053_AM,Manzanares,Q1372697,18545
13054,Membrilla,Q1642197,5927
13056,Miguelturra,Q1632172,15658
13058,Moral de Calatrava,Q1644456,5211
13061,Pedro Muñoz,Q910402,7325
13063_AM,Piedrabuena,Q1631293,6779
13064,Poblete,Q1642159,2759
13065_AM,Porzuna,Q1643639,4553
13066,Pozuelo de Calatrava,Q644491,3623
13068_AM,Puebla de Don Rodrigo,Q1632588,4862
13071,Puertollano,Q215822,46036
13077,Santa Cruz de Mudela,Q958776,4017
13078,Socuéllamos,Q1614556,12067
13079,La Solana,Q1607352,15357
13082,Tomelloso,Q820229,35984
13083_AM,Torralba de Calatrava,Q928368,3969
13085,Torrenueva,Q1628417,2708
13087,Valdepeñas,Q898563,30218
13089_AM,Villahermosa,Q302820,5798
13092_AM,Villanueva de la Fuente,Q1642043,6672
13093_AM,Villanueva de los Infantes,Q768433,5318
13096,Villarrubia de los Ojos,Q1641422,9722
13097_AM,Villarta de San Juan,Q1641398,5209
13098_AM,Viso del Marqués,Q1641553,2974
14001,Adamuz,Q794492,4141
14002,Aguilar de la Frontera,Q854444,13398
14004_AM,Almedinilla,Q854412,3028
14005_AM,Almodóvar del Río,Q854424,9598
14007_AM,Baena,Q854403,19983
14008,Belalcázar,Q854373,3207
14009,Belmez,Q970766,2905
14010,Benamejí,Q975728,4982
14012,Bujalance,Q975711,7316
14013,Cabra,Q927931,20245
14014,Cañete de las Torres,Q1447425,2888
14017,La Carlota,Q749022,14228
14018,"Carpio, El",Q956538,4382
14019,Castro del Río,Q1447412,7740
14021,Córdoba,Q5818,322071
14022_AM,Doña Mencía,Q1406756,5237
14023_AM,Dos Torres,Q1373904,5755
14024_AM,Encinas Reales,Q1444282,3719
14025,Espejo,Q675298,3272
14026_AM,Espiel,Q1447434,6086
14027,Fernán Núñez,Q1617311,9667
14029_AM,Fuente Obejuna,Q1443636,5942
14030_AM,Fuente Palmera,Q1443622,10936
14035,Hinojosa del Duque,Q657396,6684
14036,Hornachuelos,Q1443790,4517
14037,Iznájar,Q904793,4106
14038,Lucena,Q504598,42712
14039_AM,Luque,Q986552,5319
14040,Montalbán de Córdoba,Q1443804,4517
14041,Montemayor,Q1606495,3851
14042,Montilla,Q13156,22633
14043_AM,Montoro,Q1375851,10704
14045_AM,Moriles,Q1406673,5669
14046,Nueva Carteya,Q1406692,5341
14049,Palma del Río,Q1372714,20910
14050,Pedro Abad,Q828568,2808
14051_AM,Pedroche,Q1447333,2883
14052,Peñarroya-Pueblonuevo,Q1406749,10508
14053,Posadas,Q818312,7296
14054,Pozoblanco,Q820240,17156
14055,Priego de Córdoba,Q301437,22251
14056,Puente Genil,Q589053,29767
14057,La Rambla,Q1645517,7515
14058,Rute,Q592982,9835
14060_AM,Santaella,Q970749,5976
14065_AM,La Victoria,Q970724,3165
14066,Villa del Río,Q970738,7016
14067,Villafranca de Córdoba,Q546596,4897
14069,Villanueva de Córdoba,Q879493,8662
14070_AM,Villanueva del Duque,Q878608,2890
14073,Villaviciosa de Córdoba,Q878655,3191
14074_AM,El Viso,Q879483,3284
15001,Abegondo,Q318323,5494
15002,Ames,Q1353997,31993
15004,Ares,Q17416,5997
15005,Arteixo,Q996161,32894
15006_AM,Arzúa,Q651676,7493
15007,A Baña,Q1183411,3389
15008,Bergondo,Q644018,6817
15009,Betanzos,Q671341,13030
15010_AM,Boimorto,Q692787,6041
15011,Boiro,Q735282,18955
15012,Boqueixón,Q1369014,4186
15013,Brión,Q1615466,7957
15014,Cabana de Bergantiños,Q1368763,4185
15015,Cabanas,Q974129,3359
15016,Camariñas,Q1373985,5224
15017,Cambre,Q1113375,24616
15019,Carballo,Q166137,31414
15020,Carnota,Q1368813,3854
15021,Carral,Q601352,6574
15022_AM,Cedeira,Q1113395,8925
15023_AM,Cee,Q988707,9174
15024,Cerceda,Q1369070,4996
15029,Coristanco,Q1369028,5878
15030,A Coruña,Q8757,245468
15031,Culleredo,Q1113450,30758
15032_AM,Curtis,Q1373939,5914
15033,Dodro,Q1368913,2710
15034,Dumbría,Q549319,2927
15035,Fene,Q1374025,12832
15036,Ferrol,Q485329,64785
15037,Fisterra,Q732090,4714
15040,Laxe,Q1620185,3004
15041,A Laracha,Q924043,11521
15042,Lousame,Q1450842,3235
15043,Malpica de Bergantiños,Q596761,5332
15045,Mazaricos,Q1442814,3806
15046,"Melide, A Coruña",Q912514,7427
15047_AM,Mesía,Q1606528,4785
15048,Miño,Q830548,6423
15050_AM,Monfero,Q1442860,4369
15051,Mugardos,Q1442847,5226
15052,Muxía,Q512940,4564
15053,Muros,Q578957,8399
15054,Narón,Q1368896,38913
15055,Neda,Q1635664,5032
15056,Negreira,Q840787,6775
15057,Noia,Q818601,14240
15058,Oleiros,Q688611,36922
15059,Ordes,Q1442661,12605
15060,Oroso,Q924131,7530
15061,Ortigueira,Q1375842,5485
15062,Serra de Outes,Q936870,6150
15064_AM,"Paderne, A Coruña",Q426243,5606
15065,Padrón,Q500494,8317
15066,O Pino,Q841313,4639
15067,A Pobra do Caramiñal,Q300525,9291
15068,Ponteceso,Q1450823,5457
15069,Pontedeume,Q765283,7687
15070_AM,As Pontes de García Rodríguez,Q1442761,11108
15071,Porto do Son,Q1450836,9155
15072,Rianxo,Q835911,11004
15073,Ribeira,Q904130,26839
15074,Rois,Q1442533,4493
15075,Sada,Q633493,16382
15076,San Sadurniño,Q1442511,2812
15077,Santa Comba,Q1442500,9359
15078,Santiago de Compostela,Q14314,97858
15082,"Teo, A Coruña",Q1635642,18778
15084,Tordoia,Q837056,3228
15085,"Touro, A Coruña",Q904203,3495
15086,Trazo,Q1616102,3059
15087,Valdoviño,Q969030,6872
15088,Val do Dubra,Q1450828,3816
15089,Vedra,Q1616092,5032
15092,Vimianzo,Q1616162,6925
15093,Zas,Q148174,4384
15901_AM,Cariño,Q1403988,5072
15902,Oza-Cesuras,Q13423086,5170
16023_AM,Chillarón de Cuenca,Q1993772,4845
16027_AM,Barajas de Melo,Q1904541,5123
16042_AM,Campillo de Altobuey,Q1771918,4523
16066,Casasimarro,Q1647141,3089
16078,Cuenca,Q15098,53988
16102_AM,Honrubia,Q574076,5271
16106_AM,Horcajo de Santiago,Q1900655,4981
16112_AM,Huete,Q1827689,4740
16113_AM,Iniesta,Q630933,5045
16117_AM,Landete,Q426387,4830
16124_AM,Las Mesas,Q1769818,4940
16125_AM,Minglanilla,Q682640,4706
16133,Mota del Cuervo,Q1637366,6035
16134,Motilla del Palancar,Q288552,5964
16154,Las Pedroñeras,Q1647629,6638
16170_AM,Priego,Q1649799,5144
16171_AM,El Provencio,Q1768685,4832
16175,Quintanar del Rey,Q1647678,7616
16190,San Clemente,Q1750966,6953
16191_AM,San Lorenzo de la Parrilla,Q1648636,4969
16198_AM,Sisante,Q195679,2878
16203,Tarancón,Q367734,15645
16249_AM,Villamayor de Santiago,Q1750918,5583
16251_AM,Villanueva de la Jara,Q319074,6091
16903_AM,Las Valeras,Q1769796,5384
16905_AM,Arcas,Q1904496,5703
17006_AM,Alp,Q13731,5279
17007_AM,Amer,Q13022,9715
17008,Anglès,Q13027,5709
17009,Arbúcies,Q13010,6507
17012_AM,Avinyonet de Puigventós,Q11227,5980
17013,Begur,Q13462,4039
17015,Banyoles,Q13614,20168
17016_AM,Bàscara,Q11232,4914
17019,Besalú,Q12586,2502
17020,Bescanó,Q13417,5094
17022,La Bisbal d'Empordà,Q13460,11190
17023,Blanes,Q12991,40274
17027,Breda,Q13638,3836
17032,Cadaqués,Q11263,2820
17033,Caldes de Malavella,Q13064,8051
17034,Calonge i Sant Antoni,Q13459,11484
17036_AM,Campdevànol,Q12228,5566
17039_AM,Camprodon,Q6944,5773
17044,Cassà de la Selva,Q13424,10505
17047,Castelló d'Empúries,Q11286,11154
17048,"Castell d'Aro, Platja d'Aro i s'Agaró",Q13467,11455
17056_AM,Cornellà del Terri,Q13613,5882
17062,"Escala, L'",Q440370,10497
17066,Figueres,Q6839,47043
17073,Fornells de la Selva,Q13431,2700
17079,Girona,Q7038,101932
17083,Hostalric,Q13643,4332
17086_AM,La Jonquera,Q7113,5471
17089,Llagostera,Q13435,8851
17094,Llívia,Q13745,1504
17095,Lloret de Mar,Q12977,38402
17103,Maçanet de la Selva,Q13634,7349
17111_AM,Navata,Q11360,6001
17114,Olot,Q12618,36299
17117,Palafrugell,Q13490,23046
17118,Palamós,Q13491,18196
17120_AM,Palau-saverdera,Q11798,2712
17124_AM,Pals,Q13493,2798
17132_AM,Peralada,Q11803,6073
17137_AM,Porqueres,Q13607,6042
17139_AM,Les Preses,Q12629,2572
17142,Quart,Q13443,3856
17146,Riells i Viabrea,Q13073,4268
17147,Ripoll,Q12335,10721
17148_AM,Riudarenes,Q13078,3894
17152,Roses,Q11822,19921
17155,Salt,Q13444,32230
17160,Sant Feliu de Guíxols,Q13521,22210
17163,Sant Gregori,Q13448,4012
17164_AM,Sant Hilari Sacalm,Q13639,7099
17167_AM,Sant Joan de les Abadesses,Q12339,4975
17169_AM,Sant Julià de Ramis,Q13453,4275
17178_AM,Sant Pere Pescador,Q11852,5563
17180_AM,Santa Coloma de Farners,Q13032,13849
17181,Santa Cristina d'Aro,Q13569,5408
17184_AM,Santa Pau,Q12691,3376
17185,Sant Joan les Fonts,Q12677,3050
17186,Sarrià de Ter,Q13456,5231
17193,Sils,Q13050,6349
17199,Torroella de Montgrí,Q13573,12023
17202,Tossa de Mar,Q13006,5930
17207,La Vall d'en Bas,Q12710,3115
17211_AM,Verges,Q13520,5608
17213,Vidreres,Q13715,8073
17215_AM,Vilablareix,Q13457,4014
17221,Vilafant,Q12153,5480
17223_AM,Vilajuïga,Q12159,5129
17233_AM,Vilobí d'Onyar,Q13718,5386
17901_AM,"Cruïlles, Monells i Sant Sadurní de l'Heura",Q13466,5336
17902_AM,Forallac,Q13475,5196
18003,Albolote,Q565415,19128
18006,Albuñol,Q565002,7473
18011,Alfacar,Q564768,5497
18013,Alhama de Granada,Q501674,5667
18014_AM,Alhendín,Q564773,11462
18017,Almuñécar,Q193780,25890
18021,Armilla,Q550985,24388
18022,Atarfe,Q550974,19198
18023,Baza,Q490472,20281
18027_AM,Benalúa,Q553885,5609
18029_AM,Benamaurel,Q554238,6172
18035_AM,Cádiar,Q554489,2906
18036,Cájar,Q554805,5262
18039,Caniles,Q555929,4038
18047,Cenes de la Vega,Q555126,8181
18048,Cijuela,Q548578,3472
18050_AM,Cogollos Vega,Q557958,2659
18056,库利亚尔,Q559300,4079
18057,Cúllar Vega,Q548884,7719
18059,Chauchina,Q555943,5624
18061_AM,Chimeneas,Q557953,6338
18062,Churriana de la Vega,Q558134,15741
18063_AM,Darro,Q559665,5309
18066,Deifontes,Q559275,2625
18071_AM,Dúrcal,Q559839,8366
18079,Fuente Vaqueros,Q574513,4415
18084,Gójar,Q574347,5993
18087,Granada,Q8810,231775
18088_AM,Guadahortuna,Q575658,4809
18089,Guadix,Q244324,18462
18093,Gualchos,Q575639,5287
18094,Güéjar Sierra,Q575649,2906
18095,Güevéjar,Q575816,2658
18098,Huéscar,Q575709,7236
18099_AM,Huétor Santillán,Q576248,4971
18100,Huétor Tájar,Q911103,10514
18101,Huétor Vega,Q575653,12120
18102_AM,Íllora,Q291752,12139
18105,Iznalloz,Q1410782,5094
18108_AM,Jérez del Marquesado,Q1642236,4978
18111,Jun,Q1751788,3928
18115,Láchar,Q484981,3550
18116_AM,Lanjarón,Q582995,5811
18119_AM,Lecrín,Q339160,4863
18122_AM,Loja,Q332989,21379
18127,Maracena,Q583032,22358
18132,Moclín,Q593637,3613
18133,Molvízar,Q578183,2748
18134,Monachil,Q593620,8137
18135_AM,Montefrío,Q593696,7776
18136_AM,Montejícar,Q593505,4847
18137_AM,Montillana,Q593679,3489
18138,Moraleda de Zafayona,Q426844,3106
18140,Motril,Q210093,58545
18145,Ogíjares,Q605335,14559
18147,Órgiva,Q293130,5866
18148_AM,Otívar,Q605360,3308
18149_AM,Villa de Otura,Q605381,9310
18150,Padul,Q605397,8934
18152_AM,Pedro Martínez,Q611237,4530
18153,Peligros,Q538809,11544
18157_AM,Pinos Genil,Q609907,2867
18158,Pinos Puente,Q611199,9853
18162_AM,Polopos,Q611250,4854
18164_AM,Puebla de Don Fadrique,Q615841,5814
18165,Pulianas,Q615266,5480
18171_AM,Salar,Q615830,4676
18173,Salobreña,Q427330,12472
18175,Santa Fe,Q615722,15175
18182,Ugíjar,Q545852,2550
18184_AM,Vélez de Benaudalla,Q619690,4883
18192_AM,Zafarraya,Q140149,2639
18193,La Zubia,Q619692,19473
18194,Zújar,Q619524,2516
18903_AM,Nevada,Q605280,5176
18905,Las Gabias,Q574340,22051
18907_AM,Valle del Zalabí,Q617892,4969
18911,Vegas del Genil,Q618377,11678
18912_AM,Cuevas del Campo,Q558119,2678
18916,Torrenueva Costa,Q6150800,2892
19021_AM,Almoguera,Q620872,3193
19024,Alovera,Q368801,13051
19046,Azuqueca de Henares,Q794315,35236
19053_AM,Brihuega,Q52615,5150
19058_AM,Cabanillas del Campo,Q1641907,12909
19071,El Casar,Q1641917,12710
19086_AM,Cifuentes,Q986570,4950
19103_AM,Checa,Q1768526,2511
19105,Chiloeches,Q1655103,3797
19117,Fontanar,Q1120410,2523
19126,Galápagos,Q954018,2579
19130,Guadalajara,Q11953,87064
19143,Horche,Q1654899,2702
19151_AM,Humanes,Q1654677,5463
19156_AM,Jadraque,Q1653873,4856
19160_AM,Loranca de Tajuña,Q974638,6579
19171,Marchamalo,Q1769777,7889
19190,Molina de Aragón,Q919050,3217
19192,Mondéjar,Q946761,2745
19220_AM,Pioz,Q956606,6079
19245_AM,Sacedón,Q1641334,5124
19257_AM,Sigüenza,Q47475,5156
19274_AM,Torija,Q507084,5689
19280,Torrejón del Rey,Q748951,5892
19293,Uceda,Q1641757,2933
19319,Villanueva de la Torre,Q1642060,6591
19326,Yebes,Q1751978,4636
19331,Yunquera de Henares,Q1640925,4364
20005_AM,Alegia,Q1639961,5541
20009,Andoain,Q1598976,14631
20010_AM,Anoeta,Q1640537,4646
20013,Aretxabaleta,Q935603,7108
20016_AM,Aia,Q1631163,3864
20017,Azkoitia,Q793934,11657
20018,Azpeitia,Q180611,15191
20019,Beasain,Q847130,13949
20022_AM,Berastegi,Q1639406,3936
20025_AM,Zegama,Q1442954,5913
20027_AM,Zestoa,Q1618393,4564
20028_AM,Zizurkil,Q1618316,3483
20029,Deba,Q1611504,5441
20030,Eibar,Q496567,27467
20032,Elgoibar,Q1618383,11464
20034_AM,Eskoriatza,Q1633894,4342
20036,Hondarribia,Q492312,16852
20039,Getaria,Q849330,2794
20040,Hernani,Q1441329,20362
20042,Ibarra,Q1618296,4220
20043_AM,Idiazabal,Q1619118,4916
20045,Irun,Q200201,62933
20049,Lazkao,Q932872,6007
20051,Legazpi,Q1113716,8367
20052_AM,Legorreta,Q1639412,4155
20053,Lezo,Q1649625,6062
20055,Arrasate/Mondragón,Q491922,21867
20056_AM,Mutriku,Q1618305,7267
20059,Oñati,Q496588,11428
20061,Orio,Q1649616,6096
20063,Oiartzun,Q911092,10291
20064,Pasaia,Q847127,15867
20065_AM,Soraluze-Placencia de las Armas,Q1633869,5044
20067,Errenteria,Q681893,39219
20069,San Sebastián,Q10313,188102
20071,Tolosa,Q497801,19795
20072,Urnieta,Q1633844,6197
20073,Usurbil,Q1633909,6132
20074,Bergara,Q1382252,14584
20075,Villabona,Q672876,5864
20076,Ordizia,Q672483,10420
20077_AM,Urretxu,Q904269,8854
20079,Zarautz,Q147774,23271
20080,Zumarraga,Q844508,9668
20081,Zumaia,Q229659,10124
20902,Lasarte-Oria,Q932766,18893
20903,Astigarraga,Q1639355,7185
21002,Aljaraque,Q913254,21706
21005,Almonte,Q736906,24577
21006,Alosno,Q1615027,3929
21007_AM,Aracena,Q624511,9541
21008_AM,Aroche,Q1615179,4728
21010,Ayamonte,Q736872,21510
21011,Beas,Q1635967,4464
21013,Bollullos Par del Condado,Q846143,14392
21014,Bonares,Q1615150,6075
21017_AM,Calañas,Q913249,4015
21018_AM,"Campillo, El",Q1645087,2727
21021,Cartaya,Q846156,20314
21023_AM,El Cerro de Andévalo,Q1445364,5207
21025,Cortegana,Q1615043,4635
21029_AM,Cumbres Mayores,Q1615072,5958
21032_AM,Escacena del Campo,Q970693,2606
21035,Gibraleón,Q913215,12810
21040_AM,Hinojos,Q1615013,6145
21041,Huelva,Q12246,142538
21042,Isla Cristina,Q736926,21516
21043_AM,Jabugo,Q913504,5209
21044,Lepe,Q501077,28293
21046,Lucena del Puerto,Q1614539,3187
21049,Minas de Riotinto,Q923830,3778
21050,Moguer,Q785888,22061
21052_AM,Nerva,Q1645078,5369
21053_AM,Niebla,Q828723,6361
21054,La Palma del Condado,Q904245,10787
21055,Palos de la Frontera,Q622030,12001
21056,Paterna del Campo,Q1615103,3478
21058_AM,Puebla de Guzmán,Q675994,5358
21060,Punta Umbría,Q736888,15891
21061,Rociana del Condado,Q1614513,7834
21063,San Bartolomé de la Torre,Q1614531,3846
21064,San Juan del Puerto,Q1444174,9503
21069_AM,Santa Olalla del Cala,Q1614548,6180
21070,Trigueros,Q1614522,7906
21072,Valverde del Camino,Q844038,12714
21073,Villablanca,Q281318,2911
21074_AM,Villalba del Alcor,Q904236,5486
21076_AM,Villanueva de los Castillejos,Q937971,5234
21078,Zalamea la Real,Q1611833,3055
22017_AM,Alcolea de Cinca,Q1770866,4303
22021_AM,Almudévar,Q934921,4828
22025_AM,Altorricón,Q444400,3324
22039_AM,Ayerbe,Q189749,6143
22048,Barbastro,Q502975,17146
22053_AM,Benabarre,Q816666,4749
22054_AM,Benasque,Q575809,6134
22059_AM,Biescas,Q876742,5061
22060_AM,Binaced,Q1906763,5536
22061,Binéfar,Q864175,9888
22084_AM,Castejón de Sos,Q984671,4544
22112_AM,Fraga,Q904212,16529
22116_AM,Grañén,Q658838,4811
22117_AM,Graus,Q937763,5432
22125,Huesca,Q11967,53429
22130,Jaca,Q49581,13344
22137_AM,Lanaja,Q984669,4811
22158,Monzón,Q5123,17362
22199,Sabiñánigo,Q1552975,9352
22213_AM,Sariñena,Q478178,4858
22225,Tamarite de Litera,Q633385,3449
22228_AM,Tierz,Q2047626,5218
22254_AM,Zaidín,Q144331,4283
22901_AM,Valle de Hecho,Q1766550,4527
22907_AM,Aínsa-Sobrarbe,Q673876,5203
23002,Alcalá la Real,Q638181,21623
23003,Alcaudete,Q1613282,10434
23005,Andújar,Q528530,36212
23006,Arjona,Q1354411,5450
23007_AM,Arjonilla,Q1613295,5441
23009,Baeza,Q488555,15762
23010,Bailén,Q695456,17498
23011_AM,Baños de la Encina,Q587590,3204
23012_AM,Beas de Segura,Q1313394,6886
23014,Begíjar,Q383763,2998
23015_AM,Bélmez de la Moraleda,Q283549,2534
23018,Cambil,Q1611875,2662
23019_AM,Campillo de Arenas,Q780608,3063
23024,La Carolina,Q649981,15048
23025,Castellar,Q1610266,3267
23026,Castillo de Locubín,Q1611707,4019
23028,Cazorla,Q518339,7248
23034,Fuensanta de Martos,Q1751769,3011
23038,La Guardia de Jaén,Q1645543,5082
23039,Guarromán,Q1313369,2714
23040_AM,Lahiguera,Q788551,3036
23044_AM,Huelma,Q1641746,7468
23045_AM,Huesa,Q961110,2831
23046_AM,Ibros,Q1641651,3638
23050,Jaén,Q15681,111932
23051,Jamilena,Q1756724,3302
23053,Jódar,Q1641632,11583
23055,Linares,Q281272,56525
23056,Lopera,Q782775,3640
23058,Mancha Real,Q936886,11315
23059,Marmolejo,Q1756694,6726
23060,Martos,Q695425,24271
23061_AM,Mengíbar,Q1645553,11986
23062_AM,Montizón,Q945226,2552
23063_AM,Navas de San Juan,Q1645560,6181
23066,Peal de Becerro,Q1632828,5325
23067,Pegalajar,Q944605,2859
23069_AM,Porcuna,Q375851,7386
23070,Pozo Alcón,Q1641619,4706
23072_AM,Puente de Génave,Q1642144,6659
23073_AM,Quesada,Q1866847,5628
23074_AM,Rus,Q1751781,5338
23075,Sabiote,Q1641690,3867
23079_AM,Santisteban del Puerto,Q953889,4959
23080_AM,Santo Tomé,Q1986483,6003
23082_AM,Siles,Q1774790,6158
23086_AM,Torredelcampo,Q1765676,15372
23087,Torredonjimeno,Q1915208,13545
23088,Torreperogil,Q1642300,7194
23090_AM,Torres,Q1657562,2599
23092,Úbeda,Q329984,34208
23093_AM,Valdepeñas de Jaén,Q1641765,7132
23094_AM,Vilches,Q684071,5263
23095,Villacarrillo,Q1751217,10545
23096,Villanueva de la Reina,Q1641608,3026
23097_AM,Villanueva del Arzobispo,Q1641667,9949
23099,"Villares, Los",Q279502,6106
23902,Bedmar y Garcíez,Q1631814,2656
23903_AM,Villatorres,Q767578,6733
23904,Santiago-Pontones,Q1645091,2832
24008,Astorga,Q465078,10553
24010,La Bañeza,Q1442670,10068
24014,Bembibre,Q1157834,8455
24015_AM,Benavides,Q1641158,4993
24021_AM,Boñar,Q26602,6322
24030,Cacabelos,Q695202,4888
24034,Camponaraya,Q256740,4105
24038_AM,Carracedelo,Q1442707,5212
24039_AM,Carrizo de la Ribera,Q1650252,6065
24056_AM,Cistierna,Q1605993,5022
24059_AM,Corullón,Q1442729,2795
24061_AM,Cuadros,Q137167,3646
24064_AM,Cubillos del Sil,Q44786,3127
24065,Chozas de Abajo,Q141270,2596
24070_AM,Fabero,Q1442838,5590
24083_AM,Igüeña,Q44791,4783
24088_AM,Laguna de Negrillos,Q1615442,5430
24089,León,Q15699,122051
24092_AM,Llamas de la Ribera,Q137174,5212
24094_AM,Mansilla de las Mulas,Q748894,5676
24114,La Pola de Gordón,Q1605928,3060
24115,Ponferrada,Q12164,63747
24122_AM,Puente de Domingo Flórez,Q1607271,5750
24134,La Robla,Q60979,3714
24139_AM,Sahagún,Q821860,4990
24142,San Andrés del Rabanedo,Q1615486,30160
24148_AM,San Justo de la Vega,Q68572,5317
24154_AM,Santa Elena de Jamuz,Q68564,4877
24157_AM,Santa María del Páramo,Q68561,5338
24160_AM,Santas Martas,Q1635290,4886
24162_AM,Santovenia de la Valdoncina,Q1605919,3936
24163,Sariegos,Q1615338,5170
24166_AM,Soto de la Vega,Q734200,2644
24169_AM,Toreno,Q44913,5073
24170_AM,Torre del Bierzo,Q1605945,6035
24175_AM,Valdefresno,Q426206,6046
24181_AM,Valderas,Q768518,5088
24183_AM,Valderrueda,Q1615406,4900
24188,Valencia de Don Juan,Q385017,5159
24189,Valverde de la Virgen,Q918087,7442
24196_AM,Vega de Espinareda,Q1605960,4200
24202,Villablino,Q1605938,8226
24209,Villafranca del Bierzo,Q848300,2806
24212_AM,Villamañán,Q1607256,5011
24222,Villaquilambre,Q932612,18597
24223,Villarejo de Órbigo,Q1615462,2945
25003,Agramunt,Q1778278,5464
25007_AM,Albatàrrec,Q1646558,7330
25008_AM,Albesa,Q1770869,4575
25011,Alcarràs,Q1772290,9678
25012,Alcoletge,Q1772295,3492
25013,Alfarràs,Q1646865,2759
25016_AM,Alguaire,Q1133160,4065
25019,Almacelles,Q1626921,6875
25021,Almenar,Q1646570,3365
25023,Alpicat,Q1770847,6274
25025_AM,Naut Aran,Q985682,5430
25029_AM,Arbeca,Q372836,5185
25033_AM,Artesa de Lleida,Q1648857,3809
25034,Artesa de Segre,Q969200,3441
25038_AM,Aitona,Q1646588,4631
25040,Balaguer,Q696797,17409
25047_AM,Bellcaire d'Urgell,Q1900130,2826
25048_AM,Bell-lloc d'Urgell,Q1902343,6487
25050,Bellpuig,Q948983,5151
25051_AM,Bellver de Cerdanya,Q13732,5165
25058,Les Borges Blanques,Q928006,6195
25059_AM,Bossòst,Q12615,2757
25062_AM,Camarasa,Q1995286,3883
25072,Cervera,Q847011,9328
25099_AM,Golmés,Q631603,5091
25110,Guissona,Q984645,7291
25113_AM,Ivars d'Urgell,Q1900776,6512
25119_AM,Juneda,Q1769576,5991
25120,Lleida,Q15090,140080
25122,Linyola,Q605232,2724
25137,Mollerussa,Q676132,14545
25149_AM,Oliana,Q1644356,4562
25158_AM,El Palau d'Anglesola,Q1769556,5169
25171_AM,La Pobla de Segur,Q17172,5116
25172,Ponts,Q742473,2629
25173_AM,El Pont de Suert,Q12708,4980
25189,Rosselló,Q1767001,3186
25192_AM,Sant Guim de Freixenet,Q1766650,5199
25193_AM,Sant Llorenç de Morunys,Q1766663,4582
25203,La Seu d'Urgell,Q673412,12252
25204_AM,Serós,Q599367,6376
25207,Solsona,Q507621,9175
25209_AM,Sort,Q12690,4957
25217,Tàrrega,Q752137,17649
25228,Torrefarrera,Q987375,4702
25232_AM,Torres de Segre,Q599382,3499
25234,Tremp,Q18272,5893
25240_AM,Vallfogona de Balaguer,Q955140,5216
25243,Vielha e Mijaran,Q12647,5674
25907_AM,Torrefeta i Florejacs,Q1765399,2642
26002_AM,Agoncillo,Q1606725,6632
26005,Albelda de Iregua,Q1623553,3484
26006,Alberite,Q615755,2518
26008,Aldeanueva de Ebro,Q1615902,2794
26011,Alfaro,Q695889,9562
26018,Arnedo,Q642083,14954
26021_AM,Autol,Q787022,6776
26026_AM,Baños de Río Tobía,Q1626938,5151
26036,Calahorra,Q558147,24579
26042_AM,Casalarreina,Q1636990,5407
26047_AM,Cervera del Río Alhama,Q1626960,4938
26059_AM,Entrena,Q23535,5501
26061_AM,Ezcaray,Q1637309,5094
26064,Fuenmayor,Q755695,3191
26071_AM,Haro,Q405292,11820
26084,Lardero,Q386306,11042
26089,Logroño,Q14325,150808
26099_AM,Murillo de Río Leza,Q1636221,2744
26102,Nájera,Q776113,8060
26105_AM,Navarrete,Q916230,5102
26117_AM,Pradejón,Q952627,5365
26125,Rincón de Soto,Q771336,3900
26129_AM,San Asensio,Q1636238,5544
26138,Santo Domingo de la Calzada,Q646564,6222
26168,Villamediana de Iregua,Q1606588,8608
27005,Barreiros,Q1634820,3001
27006,Becerreá,Q1596031,2826
27007_AM,Begonte,Q959803,4500
27010,Castro de Rei,Q1368876,5110
27011,Castroverde,Q1368794,2609
27012_AM,Cervantes,Q1603003,4238
27013,Cervo,Q1616622,4192
27014_AM,O Corgo,Q680745,5885
27015,Cospeito,Q1445401,4374
27016,Chantada,Q1447512,8134
27018_AM,A Fonsagrada,Q1465213,5105
27019,Foz,Q917878,10078
27020,Friol,Q576916,3682
27021_AM,Xermade,Q577144,5020
27022,Guitiriz,Q1602975,5455
27023,Guntín,Q1605449,2638
27024_AM,O Incio,Q592681,3370
27025,Xove,Q1111013,3360
27026,Láncara,Q1445304,2551
27027_AM,Lourenzá,Q1447358,3243
27028,Lugo,Q11125,97613
27030,Mondoñedo,Q840362,3480
27031,Monforte de Lemos,Q818341,18242
27032,Monterroso,Q1122290,3562
27039,Outeiro de Rei,Q643709,5216
27040_AM,Palas de Rei,Q842216,5251
27041_AM,Pantón,Q1447446,6795
27042_AM,Paradela,Q431456,4452
27044_AM,A Pastoriza,Q1465187,5215
27046_AM,Pol,Q1445717,2824
27047_AM,A Pobra do Brollón,Q920774,2561
27048_AM,A Pontenova,Q1465219,5151
27050,Quiroga,Q969128,3151
27051,Ribadeo,Q824076,9871
27057,Sarria,Q174833,13257
27058_AM,O Saviñao,Q1447399,4996
27060,Taboada,Q578118,2689
27063_AM,O Valadouro,Q1605462,3570
27065,Vilalba,Q1605437,14006
27066,Viveiro,Q641221,15312
27902,Burela,Q1619456,9428
28002,Ajalvir,Q855674,4676
28004,El Álamo,Q1984836,9908
28005,Alcalá de Henares,Q46940,195982
28006,Alcobendas,Q487679,116589
28007,Alcorcón,Q10372,170817
28008,Aldea del Fresno,Q607467,3085
28009,Algete,Q472604,20749
28010,Alpedrete,Q947926,14959
28012_AM,Anchuelo,Q1647116,6781
28013,Aranjuez,Q486792,59833
28014,Arganda del Rey,Q497692,56386
28015,Arroyomolinos,Q931188,33687
28018,Becerril de la Sierra,Q655675,6108
28019_AM,Belmonte de Tajo,Q1752454,2777
28022,Boadilla del Monte,Q1641013,59052
28023,El Boalo,Q1772163,8009
28026,Brunete,Q1647090,10726
28027_AM,Buitrago del Lozoya,Q1648730,8119
28028,Bustarviejo,Q55487,2701
28030,La Cabrera,Q509056,2782
28031,Cadalso de los Vidrios,Q1648736,3203
28032_AM,Camarma de Esteruelas,Q1648727,9225
28033,Campo Real,Q1999732,6416
28036,Casarrubuelos,Q1772185,3939
28037_AM,Cenicientos,Q685764,2673
28038,Cercedilla,Q1646215,7359
28040,Ciempozuelos,Q1751930,25083
28041,Cobeña,Q659582,7444
28042_AM,Colmenar del Arroyo,Q1751939,3617
28043,Colmenar de Oreja,Q686674,8303
28044,Colmenarejo,Q1646220,9376
28045,Colmenar Viejo,Q55480,52480
28046,Collado Mediano,Q1751903,7348
28047,Collado Villalba,Q735759,63825
28049,Coslada,Q164197,81273
28050,Cubas de la Sagra,Q1751926,6642
28052,Chinchón,Q915395,5506
28053,Daganzo de Arriba,Q1772173,10520
28054,El Escorial,Q985269,16594
28057_AM,Fresno de Torote,Q1772191,3279
28058,Fuenlabrada,Q54902,192233
28059,Fuente el Saz de Jarama,Q770809,6883
28060_AM,Fuentidueña de Tajo,Q1228889,5506
28061,Galapagar,Q1615953,34712
28065,Getafe,Q8802,183095
28066,Griñón,Q1772237,10467
28067_AM,Guadalix de la Sierra,Q55482,8167
28068,Guadarrama,Q517450,16747
28072,Hoyo de Manzanares,Q664769,8680
28073,Humanes de Madrid,Q281632,19736
28074,Leganés,Q77433,187762
28075,Loeches,Q1646206,8860
28079,Madrid,Q2807,3305408
28080,Majadahonda,Q427505,72034
28082,Manzanares el Real,Q55483,9202
28083,Meco,Q1646210,14903
28084,Mejorada del Campo,Q1984852,23737
28085,Miraflores de la Sierra,Q55481,6585
28086,"Molar, El",Q1248591,9291
28087,Los Molinos,Q963615,4563
28089,Moraleja de Enmedio,Q965208,5294
28090,Moralzarzal,Q1646201,13573
28091,Morata de Tajuña,Q1772158,7924
28092,Móstoles,Q187826,209639
28093,Navacerrada,Q1648718,3220
28095,Navalagamella,Q1751933,2720
28096,Navalcarnero,Q1623099,30695
28099_AM,Navas del Rey,Q1772241,5556
28100,Nuevo Baztán,Q921352,6630
28104,Paracuellos de Jarama,Q2046249,26235
28106,Parla,Q824651,131689
28108,Pedrezuela,Q1647820,6226
28109,Pelayos de la Presa,Q1772205,2827
28110,Perales de Tajuña,Q1772182,3059
28113,Pinto,Q909718,53537
28115,Pozuelo de Alarcón,Q639422,87134
28119,Quijorna,Q1915141,3593
28123,Rivas-Vaciamadrid,Q644481,92925
28125,Robledo de Chavela,Q734136,4479
28127,Las Rozas de Madrid,Q592747,94862
28129,San Agustín del Guadalix,Q985045,13538
28130,San Fernando de Henares,Q842211,39313
28131,San Lorenzo de El Escorial,Q371748,18454
28132,San Martín de la Vega,Q959612,19853
28133,San Martín de Valdeiglesias,Q1751908,8760
28134,San Sebastián de los Reyes,Q484717,90962
28137,Los Santos de la Humosa,Q1648733,2729
28140_AM,Serranillos del Valle,Q1772168,6249
28141,Sevilla la Nueva,Q1641045,9345
28144,Soto del Real,Q53697,9091
28145,Talamanca de Jarama,Q1641021,4123
28146,Tielmes,Q1766203,2781
28148,Torrejón de Ardoz,Q489839,132771
28149,Torrejón de la Calzada,Q960213,9549
28150,Torrejón de Velasco,Q919911,4594
28151_AM,Torrelaguna,Q1641236,5191
28152,Torrelodones,Q542958,24122
28154,Torres de la Alameda,Q1751912,7729
28160,Valdemorillo,Q10783,13245
28161,Valdemoro,Q840373,77587
28162,Valdeolmos-Alalpardo,Q771347,4309
28164,Valdetorres de Jarama,Q969446,4696
28165,Valdilecha,Q524941,3079
28167,Velilla de San Antonio,Q1999742,12543
28168_AM,El Vellón,Q1647849,2695
28169_AM,Venturada,Q1647121,3224
28170_AM,Villaconejos,Q966101,4824
28171,Villa del Prado,Q320398,6837
28172,Villalbilla,Q1646224,15049
28174,Villamanta,Q1915133,2643
28176,Villanueva de la Cañada,Q973325,22580
28177,Villanueva del Pardillo,Q1751916,17310
28178_AM,Villanueva de Perales,Q1999682,3113
28179_AM,Villar del Olmo,Q113080,5543
28180,Villarejo de Salvanés,Q1641598,7552
28181,Villaviciosa de Odón,Q1631897,28030
28183_AM,Zarzalejo,Q132247,4011
28901_AM,Lozoyuela-Navas-Sieteiglesias,Q1772221,6257
28903,Tres Cantos,Q910410,48751
29001,Alameda,Q1611830,5453
29002_AM,Alcaucín,Q13155,6115
29005,Algarrobo,Q926410,6551
29007,Alhaurín de la Torre,Q976528,41868
29008,Alhaurín el Grande,Q846149,26095
29009_AM,Almáchar,Q1647730,6235
29011,Almogía,Q1754150,3859
29012,Álora,Q250746,13336
29015_AM,Antequera,Q572041,43831
29017,Archidona,Q920126,8114
29018_AM,Ardales,Q1623994,3237
29020_AM,Arriate,Q1624154,4684
29023,Benahavís,Q816672,7829
29025,Benalmádena,Q488869,70204
29027_AM,Benamocarra,Q1624129,4466
29028_AM,Benaoján,Q816694,5505
29031_AM,"Burgo, El",Q1382246,5512
29032,Campillos,Q944101,8301
29038,Cártama,Q935266,27436
29039,Casabermeja,Q1630405,3712
29040,Casarabonela,Q1630355,2532
29041,Casares,Q913483,7342
29042,Coín,Q1110418,23375
29043,Colmenar,Q55480,3450
29045,Cómpeta,Q1623982,3866
29046,Cortes de la Frontera,Q1453000,3034
29049_AM,Cuevas de San Marcos,Q1647751,4969
29051,Estepona,Q492748,71925
29053,Frigiliana,Q944137,3198
29054,Fuengirola,Q492735,82585
29055,Fuente de Piedra,Q922378,2770
29056_AM,Gaucín,Q944119,4238
29059,Humilladero,Q1630322,3293
29067,Málaga,Q8851,577405
29068,Manilva,Q913492,16849
29069,Marbella,Q484799,147958
29070,Mijas,Q492744,86744
29072,Mollina,Q1630374,5341
29073_AM,Monda,Q1624023,5088
29075,Nerja,Q13149,21018
29076_AM,Ojén,Q944160,5543
29079,Periana,Q732206,3159
29080,Pizarra,Q1657599,9572
29082_AM,Rincón de la Victoria,Q1248474,51759
29083_AM,Riogordo,Q1630306,4149
29084,Ronda,Q13153,33624
29086_AM,Sayalonga,Q1630141,4769
29088,Sierra de Yeguas,Q1647758,3386
29089_AM,Teba,Q1630260,5671
29090_AM,Tolox,Q743326,4293
29091,Torrox,Q13150,18937
29094,Vélez-Málaga,Q492741,82967
29095_AM,Villanueva de Algaidas,Q1647726,5566
29096,Villanueva del Rosario,Q643724,3374
29097,Villanueva del Trabuco,Q1624040,5360
29100,Yunquera,Q1647764,2866
29901,Torremolinos,Q492737,68056
29902,Villanueva de la Concepción,Q130655,3277
30001,Abanilla,Q1635711,6116
30002,Abarán,Q305593,13066
30003,Águilas,Q249941,35956
30005,Alcantarilla,Q954542,42559
30007,Alguazas,Q1770951,9842
30008,Alhama de Murcia,Q954556,22240
30009,Archena,Q632621,19500
30010,Beniel,Q1989408,11508
30011,Blanca,Q1998560,6608
30012,Bullas,Q986086,11619
30013,Calasparra,Q1313139,10133
30014_AM,Campos del Río,Q1989395,4714
30015,Caravaca de la Cruz,Q230368,25611
30016,Cartagena,Q162615,216365
30017,Cehegín,Q1757489,14798
30018,Ceutí,Q599932,12199
30019,Cieza,Q1014709,35301
30020,Fortuna,Q1020559,10512
30021,Fuente Álamo de Murcia,Q1904376,17225
30022,Jumilla,Q917173,26234
30023,Librilla,Q1010250,5351
30024,Lorca,Q47571,96238
30025,Lorquí,Q1982966,7320
30026,Mazarrón,Q913277,32988
30027,Molina de Segura,Q917883,73498
30028,Moratalla,Q987450,7797
30029,Mula,Q1983986,17074
30030,Murcia,Q12225,460349
30032,Pliego,Q2000462,3868
30033,Puerto Lumbreras,Q613784,16060
30035,San Javier,Q987453,33645
30036,San Pedro del Pinatar,Q743996,26320
30037,Torre-Pacheco,Q949880,37299
30038,Las Torres de Cotillas,Q762427,21837
30039_AM,Totana,Q338174,33399
30041,La Unión,Q1228759,20536
30042_AM,Villanueva del Río Segura,Q1972508,4629
30043,Yecla,Q931116,35083
30901,Santomera,Q1765918,16154
30902,Los Alcázares,Q1982975,16935
31010_AM,Altsasu – Alsasua,Q1635681,9278
31015,Andosilla,Q425775,2752
31016,Ansoáin-Antsoain,Q656781,10732
31019_AM,Aoiz-Agoitz,Q2142215,4937
31023,Aranguren,Q1636195,11726
31029_AM,Los Arcos,Q742713,4005
31036_AM,Arróniz,Q1645816,4310
31038_AM,Artajona,Q1645743,4793
31041_AM,Ayegui/Aiegi,Q792921,5648
31042_AM,Azagra,Q1757486,6236
31050_AM,Baztan,Q641755,8422
31060,Burlada/Burlata,Q732730,19723
31065,Caparroso,Q1641846,2784
31067_AM,Carcastillo,Q1648542,5423
31068_AM,Cascante,Q986089,5439
31070,Castejón,Q1648779,4306
31072_AM,Cintruénigo,Q1637322,10132
31076_AM,Cendea de Cizur,Q978259,6164
31077,Corella,Q550407,8220
31078_AM,Cortes,Q1637031,5402
31084_AM,Etxarri Aranatz,Q1648046,5416
31086,Valley of Egüés,Q1627534,21556
31088,Noáin (Valle de Elorz)/Noain (Elortzibar),Q1648807,8354
31092_AM,Erroibar,Q674983,4911
31097,Estella-Lizarra,Q646620,13911
31098,Esteribar,Q617571,2790
31101_AM,Ezcabarte,Q1641808,3005
31104_AM,Falces,Q1641884,3845
31108_AM,Fustiñana,Q1773016,4824
31122,Huarte,Q1641785,7286
31138_AM,Lakuntza,Q779180,3861
31142_AM,Larraga,Q1647936,5958
31149_AM,Leitza,Q1648056,4418
31152_AM,Lerín,Q984875,2895
31153_AM,Lesaka,Q1647457,4159
31157_AM,Lodosa,Q984882,6131
31159_AM,Lumbier,Q584132,2834
31163,Marcilla,Q1636217,2866
31165_AM,Mendavia,Q1648554,4654
31169,Milagro,Q644537,3470
31176,Murchante,Q1772996,4135
31191_AM,Olite/Erriberri,Q837062,6060
31201,Pamplona,Q10282,203081
31202,Peralta – Azkoien,Q984865,5965
31206_AM,Puente La Reina – Gares,Q372556,4180
31208_AM,Ribaforada,Q1647994,6198
31215,San Adrián,Q668324,6369
31216,Sangüesa/Zangoza,Q842228,4872
31221_AM,Doneztebe/Santesteban,Q1647359,5494
31227,Tafalla,Q820224,10582
31232,Tudela,Q244747,37008
31249_AM,Valtierra,Q1751469,6794
31250,Bera,Q818675,3759
31251_AM,Viana,Q907241,4494
31254,Villafranca,Q537017,2907
31258,Villava/Atarrabia,Q600671,10131
31260_AM,Valle de Yerri / Deierri,Q1133148,5463
31901,Barañáin/Barañain,Q768691,19853
31902,Berrioplano/Berriobeiti,Q1763760,7468
31903,Berriozar,Q1645776,10723
31904_AM,Irurtzun,Q674117,6577
31905_AM,Beriáin,Q820748,5645
31906_AM,Orkoien,Q1767914,6028
31907,Zizur Mayor/Zizur Nagusia,Q1228466,15198
31908_AM,Lekunberri,Q1773037,4977
32001_AM,Allariz,Q1438879,7766
32004_AM,Avión,Q791209,6011
32007_AM,Baños de Molgas,Q1632922,6594
32008,Barbadás,Q1627578,11022
32009,O Barco de Valdeorras,Q1607428,13384
32013_AM,Boborás,Q1627596,5740
32017_AM,Carballeda de Valdeorras,Q1607709,4564
32019,O Carballiño,Q1607558,13911
32020_AM,Cartelle,Q1606020,5029
32024,Celanova,Q1605505,5652
32025_AM,Cenlle,Q1607762,2846
32026_AM,Coles,Q1605474,5458
32031_AM,Esgos,Q1607520,3096
32032,Xinzo de Limia,Q918637,9621
32034_AM,A Gudiña,Q677485,2751
32042_AM,Lobios,Q1606028,5059
32043,Maceda,Q1617896,2849
32045,Maside,Q1605484,2718
32050,Monterrei,Q1452663,2501
32051_AM,Muíños,Q1607719,4655
32053_AM,Oímbra,Q523774,4613
32054,Ourense,Q99151,104596
32056_AM,Padrenda,Q1607736,4512
32058_AM,O Pereiro de Aguiar,Q1603774,8537
32063_AM,A Pobra de Trives,Q1453218,5366
32067_AM,Rairiz de Veiga,Q542228,5184
32069,Ribadavia,Q917180,5005
32072,A Rúa de Valdeorras,Q1607619,4245
32075_AM,San Cibrao das Viñas,Q973465,7448
32076_AM,San Cristovo de Cea,Q1603760,5780
32081_AM,Toén,Q943030,3695
32085,Verín,Q176504,13644
32086,Viana do Bolo,Q1627561,2787
32088_AM,Vilamartín de Valdeorras,Q1618272,3143
32091_AM,Vilardevós,Q1629581,5441
33001_AM,Allande,Q737380,4446
33002,Aller,Q537483,10346
33004,Avilés,Q14649,76874
33006_AM,Bimenes,Q818321,4099
33007_AM,Bual,Q640974,3417
33008_AM,Cabrales,Q58343,6151
33011,Cangas del Narcea,Q737421,11966
33012,Cangues d'Onís,Q225515,6195
33014,Carreño,Q737389,10288
33015_AM,Casu,Q56177,3460
33016,Castrillón,Q653861,22299
33017,Castropol,Q826607,3335
33018,Cuaña,Q695449,3312
33019_AM,Colunga,Q578502,3743
33020_AM,Corvera de Asturias,Q653895,16615
33021,Cudillero,Q818372,4968
33023,El Franco,Q736022,3780
33024,Gijón,Q12273,268896
33025,Gozón,Q818366,10412
33026_AM,Grado,Q617580,11521
33031,Langreo,Q493806,38683
33032,Llaviana,Q820461,12754
33033,Lena,Q1031286,10596
33034,Valdés,Q695499,11281
33035,Llanera,Q744114,13790
33036,Llanes,Q503094,13611
33037,Mieres,Q12604,37026
33038,Morcín,Q652734,2543
33040,Nava,Q946280,5264
33041,Navia,Q668795,8302
33042,Noreña,Q816255,5113
33044,Oviedo,Q14317,217552
33045,Parres,Q818327,5292
33049,Piloña,Q818363,6921
33051_AM,Pravia,Q820469,9903
33056,Ribadesella,Q591580,5686
33057_AM,Ribera de Arriba,Q842661,3964
33059,Salas,Q816249,4878
33060,Samartín del Rei Aurelio,Q818368,15665
33066,Siero,Q744130,51608
33069_AM,Soto del Barco,Q529744,5771
33070,Tapia de Casariego,Q826603,3683
33072_AM,Teberga,Q692118,6184
33073,Tinéu,Q842632,9096
33074_AM,A Veiga,Q818319,5634
33076,Villaviciosa,Q842648,14869
34004_AM,Aguilar de Campoo,Q398349,7225
34017_AM,Astudillo,Q1849424,5003
34022_AM,Baltanás,Q1646404,4815
34023,Venta de Baños,Q1657213,6399
34047_AM,Carrión de los Condes,Q986557,4885
34056_AM,Cervera de Pisuerga,Q1771120,5270
34069_AM,Dueñas,Q1657014,4882
34079_AM,Grijota,Q1771168,6143
34080,Guardo,Q1771104,5786
34083_AM,Herrera de Pisuerga,Q567563,4829
34120,Palencia,Q8378,77090
34123_AM,Paredes de Nava,Q919652,4566
34157,Saldaña,Q773408,2950
34171_AM,Santibáñez de la Peña,Q1766448,4695
34218_AM,Villaluenga de la Vega,Q1919363,2701
34225,Villamuriel de Cerrato,Q936806,6470
34232_AM,Villarramiel,Q1769037,5414
35001,Agaete,Q390069,5695
35002,Agüimes,Q399702,32105
35003_AM,Antigua,Q26447,13545
35004,Arrecife,Q647543,64497
35006,Arucas,Q716384,38535
35008,Firgas,Q606753,7513
35009,Gáldar,Q956757,24455
35010,Haría,Q1588135,5365
35011,Ingenio,Q985599,31887
35012,Mogán,Q628446,20572
35013,Moya,Q985598,7833
35014,La Oliva,Q594892,27768
35015,Pájara,Q661198,21014
35016,Las Palmas de Gran Canaria,Q11974,378675
35017,Puerto del Rosario,Q540185,41786
35018,San Bartolomé,Q962773,19058
35019,San Bartolomé de Tirajana,Q693258,53066
35020,La Aldea de San Nicolás,Q986727,7516
35021,Santa Brígida,Q984488,18297
35022,Santa Lucía de Tirajana,Q738674,73573
35023,Santa María de Guía de Gran Canaria,Q986359,13871
35024,Teguise,Q737440,23044
35025_AM,Tejeda,Q986361,2911
35026,Telde,Q55845,102769
35027,Teror,Q430147,12634
35028,Tías,Q2244278,20801
35029,Tinajo,Q638013,6447
35030,Tuineje,Q985586,15549
35031,Valsequillo de Gran Canaria,Q914195,9382
35032,Valleseco,Q986357,3754
35033,Vega de San Mateo,Q986353,7645
35034,Yaiza,Q2323549,16977
36001,Arbo,Q630031,2599
36002,Barro,Q1645010,3622
36003,Baiona,Q748867,12286
36004,Bueu,Q1632909,11987
36005,Caldas de Reis,Q1448886,9788
36006,Cambados,Q695477,13673
36008,Cangas,Q1628188,26708
36009_AM,A Cañiza,Q969445,7076
36010,Catoira,Q377244,3316
36013_AM,"Covelo, Pontevedra",Q305392,4049
36015,Cuntis,Q1631860,4643
36017,A Estrada,Q1621191,20261
36018_AM,Forcarei,Q385667,5678
36021,Gondomar,Q1607596,14920
36022,O Grove,Q929161,10699
36023,A Guarda,Q300433,9991
36024,Lalín,Q1374736,20199
36026,Marín,Q634078,24248
36027,Meaño,Q1607447,5314
36028,Meis,Q32438,4796
36029,Moaña,Q1617430,19496
36030_AM,Mondariz,Q639229,5069
36032,Moraña,Q1607494,4121
36033,Mos,Q1596023,15190
36034,As Neves,Q1634850,3770
36035,Nigrán,Q1617562,18005
36036,Oia,Q1644565,3104
36037,Pazos de Borbén,Q1614595,2975
36038,Pontevedra,Q12411,83114
36039,O Porriño,Q1616392,20212
36040,Portas,Q1631280,2860
36041,Poio,Q1631776,17230
36042,Ponteareas,Q617119,22942
36043,Ponte Caldelas,Q1631751,5548
36044,Pontecesures,Q1627584,3081
36045,Redondela,Q833032,29192
36046,Ribadumia,Q1631321,5157
36047_AM,Rodeiro,Q1627583,5646
36048,O Rosal,Q603015,6376
36049,Salceda de Caselas,Q1629594,9249
36050,Salvaterra de Miño,Q1629539,10048
36051,Sanxenxo,Q840355,17635
36052,Silleda,Q1607540,8845
36053,Soutomaior,Q1628271,7482
36054,Tomiño,Q1628263,13730
36055,Tui,Q824122,17398
36056,Valga,Q1628179,5768
36057,Vigo,Q8745,293837
36058,Vilaboa,Q377426,5955
36059,Vila de Cruces,Q1607479,5097
36060,Vilagarcía de Arousa,Q1442637,37545
36061,Vilanova de Arousa,Q739495,10306
36901,A Illa de Arousa,Q300446,4951
36902_AM,Cerdedo-Cotobade,Q27949267,7488
37008,Alba de Tormes,Q946344,5159
37010_AM,La Alberca,Q1012961,5092
37014_AM,Aldeadávila de la Ribera,Q1625925,4824
37023_AM,Aldeatejada,Q1650475,3425
37046_AM,Béjar,Q695375,13143
37067_AM,Cabrerizos,Q1628707,6701
37069_AM,Calvarrasa de Abajo,Q1640886,6329
37073_AM,Calzada de Valdunciel,Q369301,5417
37085,Carbajosa de la Sagrada,Q1640862,7368
37092,Castellanos de Moriscos,Q1628745,2809
37103_AM,Cespedosa de Tormes,Q1640854,5496
37107,Ciudad Rodrigo,Q820476,12065
37117_AM,Doñinos de Salamanca,Q1640688,3764
37135_AM,La Fuente de San Esteban,Q1637591,5008
37136_AM,Fuenteguinaldo,Q1640604,4610
37140_AM,Fuentes de Oñoro,Q927947,4963
37142_AM,Galindo y Perahuy,Q1777817,5532
37156,Guijuelo,Q1605747,5550
37170_AM,Ledesma,Q965028,5255
37172_AM,Linares de Riofrío,Q1628671,5162
37173_AM,Lumbrales,Q1639439,4730
37174_AM,Macotera,Q570936,4760
37202_AM,Monterrubio de Armuña,Q936575,3001
37246,Peñaranda de Bracamonte,Q679766,6123
37274,Salamanca,Q15695,143269
37294,Santa Marta de Tormes,Q1648843,14646
37313_AM,Sotoserrano,Q1650210,5423
37322,Terradillos,Q1650177,3096
37354,Villamayor,Q1750918,7371
37362,Villares de la Reina,Q1640099,6491
37374_AM,Villoria,Q2000602,5946
37376_AM,Vitigudino,Q525696,4810
38001,Adeje,Q353618,48733
38004,Arafo,Q624967,5604
38005,Arico,Q657738,8234
38006,Arona,Q698246,82563
38008,Breña Alta,Q433958,7196
38009,Breña Baja,Q433986,5866
38010,Buenavista del Norte,Q594961,4766
38011,Candelaria,Q487268,28463
38012,Fasnia,Q524431,2807
38013_AM,La Frontera,Q1798827,6214
38015,Garachico,Q612815,4895
38017,Granadilla de Abona,Q943431,51850
38018,La Guancha,Q983556,5553
38019,Guía de Isora,Q765879,21827
38020,Güímar,Q983433,21000
38021_AM,Hermigua,Q1260011,2866
38022,Icod de los Vinos,Q572542,23310
38023,San Cristóbal de La Laguna,Q54898,158010
38024,Los Llanos de Aridane,Q366948,20648
38025,La Matanza de Acentejo,Q983577,9114
38026,La Orotava,Q920391,42219
38027,El Paso,Q434123,7745
38028,Puerto de la Cruz,Q623549,30179
38029_AM,Puntagorda,Q434150,5968
38030,Puntallana,Q434173,2549
38031,Los Realejos,Q953876,36824
38032,"El Rosario, Tenerife",Q176624,17590
38033,San Andrés y Sauces,Q434192,4213
38034,"San Juan de la Rambla, Santa Cruz de Tenerife",Q986364,4854
38035_AM,San Miguel de Abona,Q677038,23661
38036_AM,San Sebastián de La Gomera,Q512009,11308
38037,Santa Cruz de La Palma,Q433632,15446
38038,Santa Cruz de Tenerife,Q14328,208563
38039,Santa Úrsula,Q657800,14987
38040,Santiago del Teide,Q915283,11115
38041,El Sauzal,Q782910,8918
38042,Los Silos,Q682964,4692
38043,"Tacoronte, Tenerife",Q944264,24346
38044,El Tanque,Q770882,2829
38045,Tazacorte,Q426350,4558
38046,Tegueste,Q985603,11326
38047,Tijarafe,Q434286,2560
38048,Valverde,Q1642776,5084
38049,Valle Gran Rey,Q584446,4643
38050,Vallehermoso,Q635308,2917
38051,La Victoria de Acentejo,Q985601,9161
38053_AM,Villa de Mazo,Q434321,6631
39001_AM,Alfoz de Lloredo,Q1391437,6225
39002,Ampuero,Q1391463,4368
39006_AM,Arnuero,Q1443906,3978
39008,El Astillero,Q1443915,18116
39009_AM,Bárcena de Cicero,Q1443842,5161
39012,Cabezón de la Sal,Q593831,8273
39016,Real Valle de Camargo,Q1635185,30497
39018,Cartes,Q1374038,5750
39019_AM,Castañeda,Q608641,5197
39020,Castro Urdiales,Q501090,32975
39023,Colindres,Q1443892,8504
39025,Los Corrales de Buelna,Q1443867,10703
39026_AM,Corvera de Toranzo,Q1606038,5582
39027_AM,Campoo de Enmedio,Q1606639,5296
39028,Entrambasaguas,Q1635146,5357
39030_AM,Guriezo,Q1635156,2686
39035,Laredo,Q828955,10996
39037_AM,Liérganes,Q377115,4434
39038_AM,Limpias,Q609827,3177
39040,Marina de Cudeyo,Q1606273,5186
39041_AM,Mazcuerras,Q1595886,5762
39042,Medio Cudeyo,Q1602429,7606
39043_AM,Meruelo,Q782938,4866
39044,Miengo,Q1637424,5059
39047,Noja,Q818601,2650
39052,Piélagos,Q1623000,26035
39054,Polanco,Q595358,5978
39055_AM,Potes,Q919035,5228
39056_AM,Puente Viesgo,Q1607321,5257
39057_AM,Ramales de la Victoria,Q674916,3873
39059,Reinosa,Q671326,8810
39060,Reocín,Q1623013,8382
39061,Ribamontán al Mar,Q616847,4629
39062_AM,Ribamontán al Monte,Q1602418,4511
39073,Santa Cruz de Bezana,Q950156,13292
39074,Santa María de Cayón,Q1603040,9205
39075,Santander,Q12233,172221
39076,Santillana del Mar,Q493817,4231
39078_AM,Santiurde de Toranzo,Q1607337,4851
39079,Santoña,Q828955,11011
39080,San Vicente de la Barquera,Q384817,4073
39082_AM,Selaya,Q1614810,5862
39085,Suances,Q1615223,9026
39087,Torrelavega,Q494693,51237
39091_AM,Valdáliga,Q743849,5722
39094_AM,Valderredible,Q1623038,3136
39095,Val de San Vicente,Q1614800,2786
39099,Villaescusa,Q1752987,3958
39102,Voto,Q1641505,2789
40032_AM,Boceguillas,Q1776849,4575
40040_AM,Cantalejo,Q1650171,5413
40041_AM,Cantimpalos,Q594928,4901
40043,Carbonero el Mayor,Q1776836,2502
40057_AM,Coca,Q649612,4241
40063,Cuéllar,Q1631311,9620
40076,El Espinar,Q986735,9476
40094_AM,Garcillán,Q629289,2657
40101_AM,Hontanares de Eresma,Q1919704,5178
40112_AM,La Lastrilla,Q1919663,6426
40138_AM,Nava de la Asunción,Q1648847,5034
40141_AM,Navalmanzano,Q579045,4990
40145_AM,Navas de Oro,Q1905572,6116
40149_AM,Olombrada,Q1919249,4503
40155,Palazuelos de Eresma,Q263315,5597
40170_AM,Riaza,Q1905372,4802
40181,Real Sitio de San Ildefonso,Q1125500,5237
40194,Segovia,Q15684,51258
40225_AM,Villacastín,Q1766562,5574
40906_AM,San Cristóbal de Segovia,Q2047578,5563
41003,Albaida del Aljarafe,Q1465129,3221
41004,Alcalá de Guadaíra,Q494781,75546
41005,Alcalá del Río,Q1386351,12264
41006,Alcolea del Río,Q516549,3348
41007,La Algaba,Q904151,16484
41010,Almensilla,Q1623078,6287
41011,Arahal,Q62717,19497
41012,Aznalcázar,Q926144,4614
41013,Aznalcóllar,Q1601679,6060
41014,Badolatosa,Q1450719,3099
41015,Benacazón,Q1628394,7322
41016,Bollullos de la Mitación,Q1605640,11099
41017,Bormujos,Q1605629,22390
41018,Brenes,Q579216,12581
41019,Burguillos,Q1633443,6902
41020,Las Cabezas de San Juan,Q63052,16335
41021,Camas,Q752127,27490
41022,La Campana,Q63031,5228
41023,Cantillana,Q683023,10755
41024,Carmona,Q63092,29123
41025_AM,Carrión de los Céspedes,Q1447344,3220
41026,Casariche,Q1445334,5384
41027,Castilblanco de los Arroyos,Q980056,5059
41028,Castilleja de Guzmán,Q1628350,2860
41029,Castilleja de la Cuesta,Q841589,17366
41032_AM,Cazalla de la Sierra,Q1445283,6790
41033_AM,Constantina,Q949381,7402
41034,Coria del Río,Q1445412,30774
41036,El Coronil,Q1447700,4699
41037,Los Corrales,Q1627519,3985
41038,Dos Hermanas,Q489205,136250
41039,Écija,Q273413,39838
41040,Espartinas,Q1628327,16048
41041_AM,Estepa,Q966470,13334
41042,Fuentes de Andalucía,Q383897,7160
41044,Gelves,Q1628386,10295
41045,Gerena,Q1601614,7740
41046_AM,Gilena,Q1448419,5731
41047,Gines,Q1645522,13529
41048_AM,Guadalcanal,Q943977,4912
41049,Guillena,Q1605664,13054
41050,Herrera,Q582784,6504
41051,Huévar del Aljarafe,Q1605725,3129
41052,Lantejuela,Q1605654,3856
41053,Lebrija,Q261085,27616
41055,Lora del Río,Q1161395,18578
41056,La Luisiana,Q958972,4587
41058,Mairena del Alcor,Q1628379,23893
41059,Mairena del Aljarafe,Q1447391,46895
41060,Marchena,Q929481,19317
41061,Marinaleda,Q671610,2618
41062,Martín de la Jara,Q1605621,2663
41063,Los Molares,Q1146804,3563
41064,Montellano,Q1605609,7014
41065_AM,Morón de la Frontera,Q609094,28823
41067,Olivares,Q1628400,9452
41068,Osuna,Q586018,17594
41069,Los Palacios y Villafranca,Q428954,38678
41070,Palomares del Río,Q1605692,9020
41071,Paradas,Q1146813,6850
41072,Pedrera,Q1628338,5147
41074,Peñaflor,Q1637576,3648
41075,Pilas,Q1616138,13856
41076_AM,Pruna,Q1605586,4933
41077,La Puebla de Cazalla,Q1146831,10896
41078,La Puebla de los Infantes,Q733989,2999
41079,La Puebla del Río,Q1605737,11873
41080_AM,El Real de la Jara,Q1605678,6899
41081,La Rinconada,Q1146785,39204
41082,La Roda de Andalucía,Q1601705,4223
41084,El Rubio,Q1445292,3376
41085,Salteras,Q1629807,5646
41086,San Juan de Aznalfarache,Q1611693,22088
41087,Sanlúcar la Mayor,Q1446577,14026
41089,Santiponce,Q568278,8491
41090,El Saucejo,Q1605562,4247
41091,Seville,Q8717,684234
41092,Tocina,Q63004,9508
41093,Tomares,Q1447544,25370
41094,Umbrete,Q602485,9086
41095,Utrera,Q753825,51145
41096,Valencina de la Concepción,Q1603015,7894
41097,Villamanrique de la Condesa,Q1601699,4531
41098,Villanueva del Ariscal,Q1146794,6673
41099,Villanueva del Río y Minas,Q63041,4892
41101,Villaverde del Río,Q63038,7811
41102,El Viso del Alcor,Q969581,19251
41901,Cañada Rosal,Q62859,3347
41902,Isla Mayor,Q1605575,5826
41903,El Cuervo de Sevilla,Q62705,8667
41904,El Palmar de Troya,Q1011422,2340
42004_AM,Ágreda,Q39856,3148
42020,Almazán,Q5202,5411
42025_AM,Arcos de Jalón,Q830147,4888
42035_AM,Berlanga de Duero,Q178684,4919
42043_AM,El Burgo de Osma-Ciudad de Osma,Q485129,5395
42069_AM,Covaleda,Q829758,4766
42094_AM,Garray,Q1049602,4717
42095,Golmayo,Q837678,2844
42129_AM,Navaleno,Q516654,2510
42134,Ólvega,Q623685,3668
42162,San Esteban de Gormaz,Q487352,2948
42164_AM,San Leonardo de Yagüe,Q833629,3838
42173,Soria,Q12155,39695
43002,Albinyana,Q1229289,2504
43004,Alcanar,Q987434,9579
43005,Alcover,Q427790,5185
43009_AM,Alforja,Q771036,5185
43012,Altafulla,Q433746,5512
43013,L'Ametlla de Mar,Q54780,7131
43014,Amposta,Q477311,21317
43016,L'Arboç,Q1233527,5625
43019_AM,Ascó,Q723440,5597
43020_AM,Banyeres del Penedès,Q1228578,5583
43026_AM,Benissanet,Q607737,6086
43028,La Bisbal del Penedès,Q1229658,3830
43037,Calafell,Q983637,28463
43038_AM,Cambrils,Q828572,37257
43042_AM,Castellvell del Camp,Q1230080,4195
43043_AM,El Catllar,Q594741,6468
43044,La Sénia,Q704847,5530
43047,Constantí,Q550210,6724
43050,Creixell,Q1020556,3912
43051,Cunit,Q474489,14081
43052_AM,Xerta,Q746392,5566
43054_AM,L'Espluga de Francolí,Q1229283,5295
43055_AM,Falset,Q537604,5113
43060_AM,Flix,Q548045,5457
43064_AM,Gandesa,Q773369,4977
43078_AM,Masdenverge,Q766912,3409
43086,Montblanc,Q761735,7433
43088_AM,Montbrió del Camp,Q1242365,5089
43090_AM,El Montmell,Q389164,5040
43092,Mont-roig del Camp,Q929794,12689
43093,Móra d'Ebre,Q926784,5585
43094_AM,Móra la Nova,Q1233555,5429
43095_AM,El Morell,Q545317,5007
43100,Els Pallaresos,Q596705,4872
43104,Perelló,Q1229949,2846
43108_AM,El Pla de Santa Maria,Q267805,4871
43109,La Pobla de Mafumet,Q1248541,4025
43111,La Pobla de Montornès,Q638814,2999
43123,Reus,Q487096,106084
43126_AM,La Riera de Gaià,Q1917540,8732
43128_AM,Riudecols,Q742282,5430
43129,Riudoms,Q679015,6617
43133,Roquetes,Q762516,8159
43136,La Ràpita,Q767011,14931
43137_AM,Sant Jaume dels Domenys,Q1228543,5047
43138,Santa Bàrbara,Q1230148,3762
43139,Santa Coloma de Queralt,Q669570,2702
43140,Santa Oliva,Q1229647,3450
43142_AM,Sarral,Q1995219,2678
43145,La Selva del Camp,Q1230100,5694
43148,Tarragona,Q15088,135436
43153,Torredembarra,Q995637,17057
43155,Tortosa,Q12812,33572
43156,Ulldecona,Q995682,6317
43161,Valls,Q825883,24553
43162,Vandellòs i l'Hospitalet de l'Infant,Q983564,6645
43163,El Vendrell,Q929759,38891
43166_AM,Vilallonga del Camp,Q1189985,5252
43171,Vila-seca,Q508754,22522
43901,Deltebre,Q967830,11539
43902,Sant Jaume d'Enveja,Q1010257,3552
43903,Camarles,Q1229298,3220
43904,La Aldea,Q983575,4160
43905,Salou,Q662789,28512
43906,Ampolla,Q983572,3444
43907,La Canonja,Q1245507,5933
44008_AM,Albalate del Arzobispo,Q956425,6303
44009_AM,Albarracín,Q695488,4342
44013,Alcañiz,Q572800,16029
44014_AM,Alcorisa,Q1553847,5648
44025,Andorra,Q492533,7327
44050_AM,Calamocha,Q572760,5664
44051_AM,Calanda,Q737161,4828
44056_AM,Caminreal,Q1653275,3210
44059_AM,Cantavieja,Q633345,4551
44068_AM,Castelserás,Q932738,5041
44076,Cella,Q1651638,2578
44153,Monreal del Campo,Q1644430,2522
44155_AM,Montalbán,Q1443804,5570
44158_AM,Mora de Rubielos,Q955799,4741
44209_AM,Santa Eulalia,Q983465,4774
44210_AM,Sarrión,Q1650905,4619
44216,Teruel,Q14336,35994
44238_AM,Utrillas,Q1768489,4955
44246_AM,Valderrobres,Q1641285,5849
45002,Alameda de la Sagra,Q1610119,3757
45012_AM,Almonacid de Toledo,Q613574,2661
45013_AM,Almorox,Q326948,2607
45014,Añover de Tajo,Q607669,5202
45016,Argés,Q1632009,6621
45019,Bargas,Q1628628,10611
45020_AM,Belvís de la Jara,Q1628657,5076
45021,Borox,Q1628592,3981
45023_AM,Burguillos de Toledo,Q1629972,5626
45028,Calera y Chozas,Q945487,4641
45031,Camarena,Q763344,4243
45034_AM,Camuñas,Q1628637,2703
45037_AM,El Carpio de Tajo,Q956538,5335
45038,Carranque,Q1642057,5022
45040_AM,El Casar de Escalona,Q1644302,5551
45041,Casarrubios del Monte,Q1628648,6177
45045_AM,Cazalegas,Q1631908,7292
45046_AM,Cebolla,Q1641230,4833
45047_AM,Cedillo del Condado,Q1628809,5106
45051_AM,Cobeja,Q1631925,4270
45052_AM,Cobisa,Q1628606,5187
45053,Consuegra,Q919046,9942
45054,Corral de Almaguer,Q598148,5068
45056,Chozas de Canales,Q1629996,4335
45059_AM,Dosbarrios,Q669145,5183
45061,Escalona,Q616621,3441
45064,Esquivias,Q1630025,5747
45066,Fuensalida,Q1630082,11785
45067_AM,Gálvez,Q1757664,4821
45069_AM,Gerindote,Q371770,5816
45078_AM,Huerta de Valdecarábanos,Q269384,2597
45081,Illescas,Q1606474,30229
45082_AM,Lagartera,Q1631982,6335
45084,Lillo,Q1641947,2574
45085_AM,Lominchar,Q1630039,3316
45087,Madridejos,Q1607392,10230
45088,Magán,Q1628556,3894
45098,Menasalbas,Q1628818,2544
45099,Méntrida,Q1628797,5662
45101_AM,Miguel Esteban,Q543153,6508
45102,Mocejón,Q536630,5009
45106,Mora,Q926784,9781
45107,Nambroca,Q1628866,4954
45109_AM,Navahermosa,Q1752306,4535
45110_AM,Navalcán,Q1628839,4889
45112_AM,Los Navalmorales,Q1610108,4473
45115,Noblejas,Q1610115,3721
45118_AM,Novés,Q610792,5402
45119,Numancia de la Sagra,Q1641540,5170
45121_AM,Ocaña,Q957767,13639
45122,Olías del Rey,Q674525,8225
45123,Ontígola,Q1610123,4743
45124,Orgaz,Q1118107,2625
45125,Oropesa,Q747273,2626
45128,Pantoja,Q611120,3408
45132_AM,Pepino,Q1983979,5029
45133,Polán,Q1628547,3908
45135,La Puebla de Almoradiel,Q662180,5041
45136,La Puebla de Montalbán,Q537779,7841
45137_AM,La Pueblanueva,Q1628882,6682
45140_AM,Pulgar,Q945626,5426
45142,Quintanar de la Orden,Q1628531,11129
45145,Recas,Q686635,4536
45153_AM,San Pablo de los Montes,Q1629691,2807
45156,Santa Cruz de la Zarza,Q289341,4085
45157,Santa Cruz del Retamar,Q1607695,3554
45158_AM,Santa Olalla,Q513767,5614
45161,Seseña,Q927922,27466
45163,Sonseca,Q1628387,11070
45165,Talavera de la Reina,Q181359,83477
45166_AM,Tembleque,Q1313265,3271
45168,Toledo,Q5836,85449
45171_AM,La Torre de Esteban Hambrán,Q948677,3326
45173,Torrijos,Q919055,13583
45176,Ugena,Q1631336,5626
45180,Valmojado,Q1630794,4430
45181,Velada,Q1628847,2905
45183,Las Ventas de Retamosa,Q1644829,3684
45185,Villacañas,Q659416,9434
45186,La Villa de Don Fadrique,Q1631965,3576
45187,Villafranca de los Caballeros,Q1629782,4866
45188_AM,Villaluenga de la Sagra,Q584333,5989
45189_AM,Villamiel de Toledo,Q1629276,5030
45192_AM,Villanueva de Alcardete,Q1629794,3460
45195,Villarrubia de Santiago,Q1610098,2508
45197,Villasequilla,Q1610090,2593
45198,Villatobas,Q616392,2570
45199,El Viso de San Juan,Q547904,5255
45200_AM,Los Yébenes,Q1631881,8216
45201,Yeles,Q1629195,5779
45202,Yepes,Q1442903,5302
45203,Yuncler,Q1628522,4344
45205,Yuncos,Q963019,10813
46001_AM,Ademuz,Q355767,2221
46004_AM,Agullent,Q932861,2810
46005,Alaquàs,Q368431,29649
46006,Albaida,Q1917834,5975
46007_AM,Albal,Q1648833,18670
46008,Albalat de la Ribera,Q749696,3368
46009,Albalat dels Sorells,Q1771187,4110
46011_AM,Alberic,Q1312844,12856
46013,Alboraia/Alboraya,Q987383,24904
46014,Albuixec,Q1771153,4189
46015,Alcàsser,Q1771181,10266
46016_AM,Alcàntera de Xúquer,Q664697,5275
46017,Alzira,Q931780,44865
46019,Alcúdia,Q385923,12193
46020,L'Alcúdia de Crespins,Q1905388,5144
46021,Alaquas,Q368431,32313
46022_AM,Alfafar,Q1648851,21539
46025,Alfara del Patriarca,Q1771157,3301
46029,Algemesí,Q1649476,27305
46031,Alginet,Q1917986,13942
46032,Almàssera,Q1648768,7433
46034,Almoines,Q1650138,2528
46035,Almussafes,Q1770040,8984
46037_AM,L'Alqueria de la Comtessa,Q1919237,2846
46039,Anna,Q1824255,2627
46042,Aielo de Malferit,Q508503,4592
46044,Ayora,Q34343,5215
46045_AM,Barxeta,Q597015,2516
46048,Bellreguard,Q816058,4632
46051,Benaguasil,Q1989365,11369
46054,Benetússer,Q23012,15430
46055_AM,Beniarjó,Q1769910,4987
46058_AM,Benifairó de les Valls,Q1769975,5611
46060,Benifaió,Q1919317,11967
46062,Benigànim,Q1769957,5742
46063_AM,Benimodo,Q1917885,3537
46067_AM,Benissanó,Q1772298,3004
46070,Bétera,Q986084,25423
46072,Bocairent,Q574105,4101
46073_AM,Bolbaite,Q937923,2532
46074,Bonrepòs i Mirambell,Q1312589,3780
46077,Buñol,Q853762,9438
46078,Burjassot,Q55688,38712
46080_AM,Camporrobles,Q1648520,4378
46081,Canals,Q258722,13257
46082,Canet d'en Berenguer,Q1904015,6812
46083,Carcaixent,Q1771128,20494
46084_AM,Càrcer,Q1904454,2639
46085,Carlet,Q1312654,15851
46089_AM,Casinos,Q1770480,3412
46093,Catadau,Q1989352,2846
46094,Catarroja,Q1771131,28509
46097_AM,Cofrentes,Q115313,4770
46098,Corbera,Q2045828,3088
46102,Quart de Poblet,Q945911,25035
46105,Cullera,Q986733,22708
46106_AM,Chelva,Q1771138,7590
46109,Cheste,Q1551943,8871
46110,Xirivella,Q13725,30208
46111,Chiva,Q967818,15769
46113,Daimús,Q974889,3277
46116,L'Eliana,Q1998520,18302
46118_AM,Enguera,Q1769929,7216
46120_AM,Estivella,Q1989401,6844
46122,Faura,Q762373,3563
46123,Favara,Q956450,2563
46126,Foios,Q668117,7502
46127_AM,La Font d'en Carròs,Q2041807,5321
46128_AM,La Font de la Figuera,Q1993424,2984
46131,Gandia,Q33532,75970
46132,Genovés,Q1993407,2785
46134,Gilet,Q55839,3501
46135,Godella,Q1982756,13027
46136,Godelleta,Q104483,3714
46139,Guadassuar,Q1312621,5938
46143_AM,Xeraco,Q1312533,8027
46145,Xàtiva,Q738013,29459
46147,Llíria,Q23067,23648
46150_AM,Llutxent,Q2012930,5976
46155_AM,Llaurí,Q2041947,3275
46156,Llombai,Q23049,2651
46157,La Llosa de Ranes,Q524464,3687
46159,Manises,Q1648590,31287
46160_AM,Manuel,Q2264689,5722
46163,Massalfassar,Q1989342,2574
46164,Massamagrell,Q1313044,16132
46165,Massanassa,Q102878,9845
46166,Meliana,Q1993019,10926
46168_AM,Miramar,Q2041829,3287
46169,Mislata,Q12442,44320
46170,Moixent,Q1993371,4326
46171,Moncada,Q1010291,21875
46172,Montserrat,Q604539,8655
46173_AM,Montaverner,Q1993034,6435
46176,Montroi/Montroy,Q1989384,3069
46177_AM,Museros,Q1010314,7316
46178,Nàquera/Náquera,Q1810161,7301
46179,Navarrés,Q574305,3004
46181,Oliva,Q594892,25119
46182_AM,Olocau,Q122208,4341
46183,L'Olleria,Q1993458,8404
46184,Ontinyent,Q973641,35946
46186,Paiporta,Q102848,26401
46190,Paterna,Q23042,71361
46191,Pedralba,Q23071,2852
46193,Picanya,Q1982763,11692
46194,Picassent,Q10863,21487
46195_AM,Piles,Q2041837,3766
46197_AM,Polinyà de Xúquer,Q1552685,4275
46199,La Pobla de Farnals,Q1992972,8205
46200_AM,La Pobla del Duc,Q1992977,6297
46202,La Pobla de Vallbona,Q1982982,25275
46203_AM,La Pobla Llarga,Q283163,6091
46204,El Puig de Santa Maria,Q2040100,8737
46205,Puçol,Q23028,19975
46207,Rafelbunyol,Q1982774,9351
46211,El Real de Gandia,Q1945950,2551
46212_AM,Real,Q15093,3814
46213,Requena,Q302099,20235
46214_AM,Riba-roja de Túria,Q23701,24826
46216,Rocafort,Q1993437,7445
46218_AM,Ròtova,Q1993001,4489
46220,Sagunt,Q47483,67043
46223,Sedaví,Q102862,10344
46228,Serra,Q55822,3326
46229_AM,Siete Aguas,Q52616,4029
46230,Silla,Q10843,19211
46231_AM,Simat de la Valldigna,Q1020545,4828
46233,Sollana,Q633096,4911
46235,Sueca,Q1552240,27617
46237,Tavernes Blanques,Q1109227,9205
46238,Tavernes de la Valldigna,Q299417,17162
46244,Torrent,Q13572,84025
46248,Turís,Q1993027,6910
46249,Utiel,Q115572,11478
46250,Valencia,Q8818,789744
46251_AM,Vallada,Q648740,4241
46255_AM,Vilallonga/Villalonga,Q1993779,6225
46256,Vilamarxant,Q987433,10097
46257,Castelló,Q15092,6996
46258,Villar del Arzobispo,Q3548,3578
46260,Vinalesa,Q1982784,3451
46261_AM,Yátova,Q23069,5045
46903,San Antonio de Benagéber,Q944381,9501
47004_AM,Alaejos,Q1757669,5675
47007_AM,Aldeamayor de San Martín,Q1651731,8172
47010,Arroyo de la Encomienda,Q1651677,20716
47023_AM,Boecillo,Q949199,6379
47027,Cabezón de Pisuerga,Q1650608,3747
47030_AM,Campaspero,Q10699,4952
47050,Cigales,Q1769167,5299
47052,La Cistérniga,Q1768521,9109
47066_AM,Fuensaldaña,Q1651705,2638
47071_AM,Geria,Q1919486,5758
47075,Íscar,Q1657029,6298
47076,Laguna de Duero,Q367842,22633
47085,Medina del Campo,Q693913,20271
47086_AM,Medina de Rioseco,Q1648251,5461
47090,Mojados,Q1651697,3311
47101_AM,Nava del Rey,Q1640915,5300
47104_AM,Olmedo,Q1764548,5474
47112_AM,Pedrajas de San Esteban,Q1651727,5106
47114,Peñafiel,Q667682,5068
47129_AM,Quintanilla de Onésimo,Q1640409,4881
47133,Renedo de Esgueva,Q965817,3875
47139_AM,Rueda,Q987366,5054
47155,Santovenia de Pisuerga,Q968763,4604
47161,Simancas,Q986572,5315
47165,Tordesillas,Q286004,8762
47173_AM,Traspinedo,Q1764593,5703
47175,Tudela de Duero,Q1651692,8648
47182_AM,Valdestillas,Q1766688,4223
47186,Valladolid,Q8356,297775
47197_AM,Villabrágima,Q1767017,5097
47214_AM,Villalón de Campos,Q1657074,4980
47217,Villanubla,Q1651671,2828
47231,Zaratán,Q927038,6249
48001_AM,Abadiño,Q744893,8984
48002,Abanto y Ciérvana-Abanto Zierbena,Q1242411,9436
48003,Amorebieta-Etxano,Q474080,19576
48011,Arrigorriaga,Q283607,12140
48012_AM,Bakio,Q804466,5064
48013,Barakaldo,Q487801,100907
48015,Basauri,Q765496,40535
48016,Berango,Q1242343,7271
48017,Bermeo,Q695444,16784
48018_AM,Berriatua,Q1228064,4260
48019_AM,Berriz,Q747628,4866
48020,Bilbao,Q8692,346405
48022_AM,Karrantza Harana / Valle de Carranza,Q686837,4248
48026_AM,Dima,Q663530,7414
48027,Durango,Q732094,29935
48029,Etxebarri,Q1228107,11664
48032,Elorrio,Q1242382,7383
48034,Ermua,Q1242400,15791
48036,Galdakao,Q1227388,29404
48038_AM,Gamiz-Fika,Q1228072,4156
48040_AM,Gatika,Q611647,2911
48043,Gorliz,Q763669,6022
48044,Getxo,Q492420,77139
48045,Güeñes,Q596305,6699
48046,Gernika,Q189848,17093
48054,Leioa,Q530302,32188
48055_AM,Lemoa,Q1227196,4565
48057,Lekeitio,Q1227965,7271
48060_AM,Markina-Xemein,Q604810,5862
48065_AM,Ugao-Miraballes,Q1228035,5263
48068_AM,Mundaka,Q786126,6049
48069,Mungia,Q1228780,17701
48071_AM,Muskiz,Q607474,8954
48073,Ondarroa,Q595283,8326
48074,Orduña-Urduña,Q225662,4199
48075,Orozko,Q726664,2658
48077_AM,Plentzia,Q1228773,5968
48078,Portugalete,Q548441,45285
48080,Valle de Trápaga-Trapagaran,Q1228787,11911
48081_AM,Lezama,Q946068,4535
48082,Santurtzi,Q917886,46085
48083,Ortuella,Q4474,8379
48084,Sestao,Q909707,27342
48085,Sopela,Q657407,14276
48086_AM,Sopuerta,Q1228749,3480
48089,Urduliz,Q734099,5034
48090,Balmaseda,Q4480,7651
48094,Igorre,Q779046,4314
48095_AM,Zaldibar,Q1228013,4621
48096,Zalla,Q4476,8416
48097_AM,Zaratamo,Q1227189,2735
48901,Derio,Q574712,6780
48902,Erandio,Q913272,24489
48904_AM,Sondika,Q942025,6918
48905,Zamudio,Q146016,3277
48906_AM,Forua,Q679513,3877
48910_AM,Iurreta,Q668016,5171
48912_AM,Alonsotegi,Q927978,4667
49003_AM,Alcañices,Q1625868,4945
49021,Benavente,Q951778,17523
49054_AM,Corrales del Vino,Q1990609,5885
49065_AM,Fermoselle,Q744993,4819
49081_AM,Fuentesaúco,Q1765240,4976
49122_AM,Monfarracinos,Q1652360,5980
49127,Morales del Vino,Q1646347,3030
49151_AM,El Perdigón,Q1646326,5882
49166_AM,Puebla de Sanabria,Q1646385,5119
49178_AM,Roales,Q1646390,6186
49187_AM,San Cristóbal de Entreviñas,Q1653158,4868
49193_AM,San Pedro de Ceque,Q1766495,4857
49200_AM,Santa Cristina de la Polvorosa,Q1646332,4871
49206_AM,Santibáñez de Vidriales,Q1653139,5009
49214_AM,Tábara,Q1752406,4758
49219_AM,Toro,Q836948,8863
49250_AM,Villalpando,Q1646362,4757
49261_AM,Villaralbo,Q1646376,6100
49275,Zamora,Q15696,60297
50008_AM,Alagón,Q1637315,8581
50017_AM,Alfajarín,Q1639169,2752
50018_AM,Alfamén,Q1644868,5085
50025,La Almunia de Doña Godina,Q935575,7983
50034_AM,Ariza,Q1640165,4873
50038_AM,Ateca,Q1628439,4897
50055_AM,Borja,Q835559,5366
50057_AM,Brea de Aragón,Q1639394,2921
50062_AM,El Burgo de Ebro,Q1641115,4712
50066,Cadrete,Q1639202,4334
50067,Calatayud,Q496424,19870
50068_AM,Calatorao,Q1641454,3486
50073_AM,Cariñena,Q984529,5276
50074,Caspe,Q64010,10183
50089,Cuarte de Huerva,Q1629930,13773
50094_AM,Daroca,Q978587,5457
50095_AM,Ejea de los Caballeros,Q817204,17948
50099,Épila,Q1553092,4368
50115,Fuentes de Ebro,Q1639187,4600
50118,Gallur,Q572779,2555
50126,Illueca,Q1640394,2778
50130_AM,Jarque,Q1641014,3613
50150_AM,Lumpiaque,Q1641002,4125
50153_AM,Magallón,Q1640136,3547
50159_AM,Maluenda,Q1640382,4616
50160,Mallén,Q1639432,2977
50163_AM,María de Huerva,Q1640944,6244
50165_AM,Mequinenza,Q837051,6830
50181_AM,"Muel, Zaragoza",Q967136,5245
50182,La Muela,Q1639365,6125
50204_AM,Pedrola,Q574869,5543
50208_AM,Pina de Ebro,Q1641099,5552
50209_AM,Pinseque,Q1640990,6466
50219,La Puebla de Alfindén,Q1640155,6446
50222_AM,Quinto,Q1752280,5391
50223_AM,Remolinos,Q1639358,3351
50225_AM,Ricla,Q766898,4262
50230_AM,Sádaba,Q956558,6753
50235_AM,San Mateo de Gállego,Q1639441,5114
50240_AM,Sástago,Q956485,4655
50251_AM,Tarazona,Q639412,11781
50252,Tauste,Q572755,6777
50272,Utebo,Q220073,18856
50288,Villanueva de Gállego,Q1639259,4725
50297,Zaragoza,Q10305,675301
50298,Zuera,Q1605519,8591
50903,Villamayor de Gállego,Q2333861,2768
51001,Ceuta,Q5823,83517
52001,Melilla,Q5831,86261
34024453077,El Franco,Q736022,
34070953009,Cabeza Alta,Q124382774,
34070953073,Monte de la Mata,Q37501,
34074253075,San Bartolomé,Q962773,
